code,code_name,ipoDate,outDate,type,status
sh.000001,上证综合指数,1991-07-15,,2,1
sh.000002,上证A股指数,1992-02-21,,2,1
sh.000003,上证B股指数,1992-08-17,,2,1
sh.000004,上证工业类指数,1993-05-03,,2,1
sh.000005,上证商业类指数,1993-05-03,,2,1
sh.000006,上证房地产指数,1993-05-03,,2,1
sh.000007,上证公用事业指数,1993-05-03,,2,1
sh.000008,上证综合业类指数,1993-05-03,,2,1
sh.000009,上证380,2010-11-29,,2,1
sh.000010,上证180指数,2002-07-01,,2,1
sh.000011,上证基金指数,2000-06-09,,2,1
sh.000012,上证国债指数,2003-01-02,,2,1
sh.000013,上证企业债指数,2003-06-09,,2,1
sh.000015,上证红利指数,2005-01-04,,2,1
sh.000016,上证50指数,2004-01-02,,2,1
sh.000017,新上证综指,2006-01-04,,2,1
sh.000018,上证180金融股指数,2007-12-10,,2,1
sh.000019,上证公司治理指数,2008-01-02,,2,1
sh.000020,上证中型企业综合指数,2008-05-12,,2,1
sh.000021,上证180公司治理指数,2008-09-10,,2,1
sh.000022,沪公司债,2008-11-19,,2,1
sh.000025,上证180基建指数,2008-12-15,,2,1
sh.000026,上证180资源指数,2008-12-15,,2,1
sh.000027,上证180交通运输指数,2008-12-15,,2,1
sh.000028,上证180成长指数,2009-01-09,,2,1
sh.000029,上证180价值指数,2009-01-09,,2,1
sh.000030,上证180相对成长指数,2009-01-09,,2,1
sh.000031,上证180相对价值指数,2009-01-09,,2,1
sh.000032,上证能源行业指数,2009-01-09,,2,1
sh.000033,上证原材料行业指数,2009-01-09,,2,1
sh.000034,上证工业行业指数,2009-01-09,,2,1
sh.000035,上证可选消费行业指数,2009-01-09,,2,1
sh.000036,上证主要消费行业指数,2009-01-09,,2,1
sh.000037,上证医药卫生行业指数,2009-01-09,,2,1
sh.000038,上证金融地产行业指数,2009-01-09,,2,1
sh.000039,上证信息技术行业指数,2009-01-09,,2,1
sh.000040,上证电信业务行业指数,2009-01-09,,2,1
sh.000041,上证公用事业行业指数,2009-01-09,,2,1
sh.000042,上证中央企业50指数,2009-03-30,,2,1
sh.000043,上证超级大盘指数,2009-04-23,,2,1
sh.000044,上证中盘,2009-07-03,,2,1
sh.000045,上证小盘,2009-07-03,,2,1
sh.000046,上证中小,2009-07-03,,2,1
sh.000047,上证全指,2009-07-03,,2,1
sh.000048,责任指数,2009-08-05,,2,1
sh.000049,上证民企,2009-08-25,,2,1
sh.000050,50等权,2011-01-04,,2,1
sh.000051,180等权,2011-05-24,,2,1
sh.000052,50基本,2012-01-09,,2,1
sh.000053,180基本,2012-01-09,,2,1
sh.000054,上证海外,2010-01-04,,2,1
sh.000056,上证国企,2010-01-04,,2,1
sh.000057,全指成长,2010-01-04,,2,1
sh.000058,全指价值,2010-01-04,,2,1
sh.000059,全R成长,2010-01-04,,2,1
sh.000060,全R价值,2010-01-04,,2,1
sh.000061,沪企债30,2010-01-04,,2,1
sh.000062,上证沪企,2010-01-04,,2,1
sh.000063,上证周期,2010-02-03,,2,1
sh.000064,非周期,2010-02-03,,2,1
sh.000065,上证龙头,2010-02-09,,2,1
sh.000066,上证商品,2010-04-30,,2,1
sh.000067,上证新兴,2010-04-30,,2,1
sh.000068,上证资源,2010-05-28,,2,1
sh.000069,消费80,2010-05-28,,2,1
sh.000070,能源等权,2010-08-18,,2,1
sh.000071,材料等权,2010-08-18,,2,1
sh.000072,工业等权,2010-08-18,,2,1
sh.000073,可选等权,2010-08-18,,2,1
sh.000074,消费等权,2010-08-18,,2,1
sh.000075,医药等权,2010-08-18,,2,1
sh.000076,金融等权,2010-08-18,,2,1
sh.000077,信息等权,2010-08-18,,2,1
sh.000078,电信等权,2010-08-18,,2,1
sh.000079,公用等权,2010-08-18,,2,1
sh.000090,上证流通,2010-12-02,,2,1
sh.000091,沪财中小,2011-04-06,,2,1
sh.000092,资源50,2011-05-10,,2,1
sh.000093,180分层,2011-05-24,,2,1
sh.000094,上证上游,2011-05-10,,2,1
sh.000095,上证中游,2011-05-10,,2,1
sh.000096,上证下游,2011-05-10,,2,1
sh.000097,高端装备,2011-05-24,,2,1
sh.000098,上证F200,2011-07-01,,2,1
sh.000099,上证F300,2011-07-01,,2,1
sh.000100,上证F500,2011-07-01,,2,1
sh.000101,上证5年期信用债指数,2013-04-01,,2,1
sh.000102,沪投资品,2011-06-13,,2,1
sh.000103,沪消费品,2011-06-13,,2,1
sh.000104,380能源,2011-06-13,,2,1
sh.000105,380材料,2011-06-13,,2,1
sh.000106,380工业,2011-06-13,,2,1
sh.000107,380可选,2011-06-13,,2,1
sh.000108,380消费,2011-06-13,,2,1
sh.000109,380医药,2011-06-13,,2,1
sh.000110,380金融,2011-06-13,,2,1
sh.000111,380信息,2011-06-13,,2,1
sh.000112,380电信,2011-06-13,,2,1
sh.000113,380公用,2011-06-13,,2,1
sh.000114,持续产业,2011-08-22,,2,1
sh.000115,380等权,2011-08-12,,2,1
sh.000116,上证信用债100指数,2013-02-26,,2,1
sh.000117,380成长,2011-10-18,,2,1
sh.000118,380价值,2011-10-18,,2,1
sh.000119,380R成长,2011-10-18,,2,1
sh.000120,380R价值,2011-10-18,,2,1
sh.000121,医药主题,2011-10-18,,2,1
sh.000122,上证农业主题指数,2011-10-18,,2,1
sh.000123,上证180动态指数,2013-02-08,,2,1
sh.000125,上证180稳定指数,2013-02-08,,2,1
sh.000126,消费50,2011-12-09,,2,1
sh.000128,380基本,2012-01-09,,2,1
sh.000129,180波动,2012-01-09,,2,1
sh.000130,380波动,2012-01-09,,2,1
sh.000131,上证高新,2012-02-10,,2,1
sh.000132,上证100,2012-04-20,,2,1
sh.000133,上证150,2012-04-20,,2,1
sh.000134,上证银行股指数,2012-05-29,,2,1
sh.000135,上证180高贝塔指数,2012-08-06,,2,1
sh.000136,上证180低贝塔指数,2012-08-06,,2,1
sh.000137,上证380高贝塔指数,2012-08-06,,2,1
sh.000138,上证380低贝塔指数,2012-08-06,,2,1
sh.000139,上证可转换债券指数,2012-09-12,,2,1
sh.000141,上证380动态指数,2013-02-08,,2,1
sh.000142,上证380稳定指数,2013-02-08,,2,1
sh.000145,上证优势资源产业指数,2012-05-29,,2,1
sh.000146,上证优势制造产业指数,2012-05-29,,2,1
sh.000147,上证优势消费产业指数,2012-05-29,,2,1
sh.000148,上证消费服务领先指数,2012-05-29,,2,1
sh.000149,上证180红利指数,2012-07-20,,2,1
sh.000150,上证380红利指数,2012-07-20,,2,1
sh.000151,上证国有企业红利指数,2012-07-20,,2,1
sh.000152,上证中央企业红利指数,2012-07-20,,2,1
sh.000153,上证民营企业红利指数,2012-07-20,,2,1
sh.000155,上证市值百强指数,2012-07-20,,2,1
sh.000158,上证环保产业指数,2012-09-25,,2,1
sh.000159,上证沪股通指数,2014-11-17,,2,1
sh.000160,上证一带一路主题指数,2015-06-24,,2,1
sh.000161,上证中国制造主题指数,2015-10-29,,2,1
sh.000162,上证互联网+主题指数,2015-10-29,,2,1
sh.000300,沪深300指数,2005-04-08,,2,1
sh.000802,500沪市,2011-11-08,,2,1
sh.000805,A股资源,2012-01-06,,2,1
sh.000806,消费服务,2012-02-10,,2,1
sh.000807,食品饮料,2012-02-17,,2,1
sh.000808,医药生物,2012-02-17,,2,1
sh.000814,细分医药,2012-04-11,,2,1
sh.000816,细分地产,2012-04-11,,2,1
sh.000817,中证兴证海西主题指数,2011-09-27,2018-07-11,2,0
sh.000819,有色金属,2012-05-09,,2,1
sh.000821,沪深300红利指数,2012-07-20,,2,1
sh.000823,中证800有色,2013-08-02,,2,1
sh.000827,中证环保产业指数,2012-09-25,,2,1
sh.000828,沪深300高贝塔指数,2012-08-06,,2,1
sh.000832,中证可转换债券指数,2012-09-12,,2,1
sh.000833,中证1-7年中高收益企债指数,2012-09-10,,2,1
sh.000841,中证800制药与生物科技指数,2012-12-21,,2,1
sh.000842,中证800等权重指数,2012-12-21,,2,1
sh.000846,中证财通中国可持续发展100(ECPIESG)指数,2012-10-16,,2,1
sh.000847,中证腾讯济安价值100A股指数,2013-11-18,,2,1
sh.000849,沪深300非银行金融指数,2012-12-21,,2,1
sh.000850,沪深300有色金属指数,2012-12-21,2018-12-25,2,0
sh.000851,百发100指数,2014-07-30,,2,1
sh.000852,中证1000指数,2014-10-17,,2,1
sh.000853,中证申万一带一路主题投资指数,2015-04-23,,2,1
sh.000854,中证500原材料指数,2013-11-06,,2,1
sh.000855,央视财经500指数,2014-11-03,,2,1
sh.000856,中证500工业指数,2013-11-06,,2,1
sh.000857,中证500医药卫生指数,2013-11-06,,2,1
sh.000858,中证500信息技术指数,2013-11-06,,2,1
sh.000901,中证南方小康产业指数,2010-04-02,,2,1
sh.000903,中证A100指数,2006-05-29,,2,1
sh.000904,中证200指数,2007-01-15,,2,1
sh.000905,中证500指数,2007-01-15,,2,1
sh.000906,中证800指数,2007-01-15,,2,1
sh.000908,沪深300能源指数,2007-07-02,,2,1
sh.000909,沪深300原材料指数,2007-07-02,,2,1
sh.000910,沪深300工业指数,2007-07-02,,2,1
sh.000911,沪深300可选消费指数,2007-07-02,,2,1
sh.000912,沪深300主要消费指数,2007-07-02,,2,1
sh.000913,沪深300医药卫生指数,2007-07-02,,2,1
sh.000914,沪深300金融地产指数,2007-07-02,,2,1
sh.000917,沪深300公用事业指数,2007-07-02,,2,1
sh.000918,沪深300成长指数,2008-01-21,,2,1
sh.000919,沪深300价值指数,2008-01-21,,2,1
sh.000922,中证红利指数,2008-05-26,,2,1
sh.000925,中证锐联基本面50指数,2009-02-26,,2,1
sh.000928,中证能源指数,2009-07-03,,2,1
sh.000931,中证可选消费指数,2009-07-03,,2,1
sh.000932,中证主要消费指数,2009-07-03,,2,1
sh.000933,中证医药卫生指数,2009-07-03,,2,1
sh.000934,中证金融地产指数,2009-07-03,,2,1
sh.000935,中证信息技术指数,2009-07-03,,2,1
sh.000939,中证民企成长指数,2009-08-25,,2,1
sh.000940,中证财富大盘指数,2009-09-25,,2,1
sh.000944,中证内地资源主题指数,2009-10-28,,2,1
sh.000950,沪深300基建主题指数,2009-10-28,,2,1
sh.000951,沪深300银行指数,2009-10-28,,2,1
sh.000952,沪深300房地产指数,2009-10-28,,2,1
sh.000957,沪深300运输指数,2010-03-17,,2,1
sh.000958,中证创业成长指数,2010-03-24,,2,1
sh.000959,银河99,2010-02-09,,2,1
sh.000961,中证上游资源产业指数,2010-04-16,,2,1
sh.000963,中证下游消费与服务产业指数,2010-04-16,,2,1
sh.000964,中证新兴产业指数,2010-04-30,,2,1
sh.000966,中证锐联基本面400指数,2010-06-02,,2,1
sh.000969,沪深300非周期行业指数,2010-05-28,,2,1
sh.000971,等权90,2010-12-02,,2,1
sh.000973,技术领先,2011-01-04,2018-02-05,2,0
sh.000974,中证800金融指数,2013-08-02,,2,1
sh.000975,中证钱江30指数,2014-01-02,,2,1
sh.000976,新华金牛50指数,2014-02-18,2017-04-28,2,0
sh.000977,中证内地低碳经济主题指数,2011-01-21,,2,1
sh.000978,中证医药100指数,2011-03-18,,2,1
sh.000979,中证大宗商品股票指数,2011-08-22,,2,1
sh.000982,中证500等权重指数,2011-06-13,,2,1
sh.000983,智能资产,2011-06-17,2022-08-30,2,0
sh.000984,沪深300等权重指数,2011-08-02,,2,1
sh.000986,中证全指能源指数,2011-08-02,,2,1
sh.000987,中证全指原材料指数,2011-08-02,,2,1
sh.000989,中证全指可选消费指数,2011-08-02,,2,1
sh.000990,中证全指主要消费指数,2011-08-02,,2,1
sh.000991,中证全指医药卫生指数,2011-08-02,,2,1
sh.000992,中证全指金融地产指数,2011-08-02,,2,1
sh.000993,中证全指信息技术指数,2011-08-02,,2,1
sh.000996,领先行业,2011-08-02,2018-02-05,2,0
sh.000997,大消费,2011-11-11,2018-02-05,2,0
sh.000998,中证TMT产业主题指数,2011-11-08,,2,1
sh.000999,两岸三地,2010-01-18,,2,1
sh.100001,南化转债,1998-09-02,2001-05-28,4,0
sh.100009,机场转债,2000-03-16,2004-05-14,4,0
sh.100016,民生转债,2003-03-18,2008-02-26,4,0
sh.100087,水运转债,2002-08-28,2007-04-11,4,0
sh.100096,云化转债,2003-09-25,2006-09-09,4,0
sh.100117,西钢转债,2003-08-26,2007-06-14,4,0
sh.100177,雅戈转债,2003-04-21,2006-04-10,4,0
sh.100196,复星转债,2003-11-17,2006-07-24,4,0
sh.100220,阳光转债,2002-05-16,2005-04-25,4,0
sh.100236,桂冠转债,2003-07-15,2008-07-04,4,0
sh.100567,山鹰转债,2003-07-01,2007-02-13,4,0
sh.100726,华电转债,2003-06-18,2007-06-05,4,0
sh.100795,国电转债,2003-08-01,2007-04-30,4,0
sh.110001,邯钢转债,2003-12-11,2007-03-16,4,0
sh.110002,南山转债,2008-05-13,2009-09-24,4,0
sh.110003,新钢转债,2008-09-05,2013-08-27,4,0
sh.110004,厦工转债,2009-09-11,2010-09-30,4,0
sh.110005,西洋转债,2009-09-21,2010-05-19,4,0
sh.110006,龙盛转债,2009-09-25,2010-05-12,4,0
sh.110007,博汇转债,2009-10-16,2014-09-29,4,0
sh.110008,王府转债,2009-10-30,2010-11-05,4,0
sh.110009,双良转债,2010-05-14,2015-05-07,4,0
sh.110010,包钢转债,2004-11-25,2009-11-16,4,0
sh.110011,歌华转债,2010-12-10,2015-05-06,4,0
sh.110012,海运转债,2011-01-20,2015-05-15,4,0
sh.110013,国投转债,2011-02-15,2013-07-12,4,0
sh.110015,石化转债,2011-03-07,2015-02-17,4,0
sh.110016,川投转债,2011-03-31,2014-09-10,4,0
sh.110017,中海转债,2011-08-12,2015-02-13,4,0
sh.110018,国电转债,2011-09-02,2015-03-05,4,0
sh.110019,恒丰转债,2012-04-12,2015-05-05,4,0
sh.110020,南山转债,2012-10-31,2015-03-13,4,0
sh.110021,上电转债,2006-12-19,2007-08-27,4,0
sh.110022,同仁转债,2012-12-18,2015-03-10,4,0
sh.110023,民生转债,2013-03-29,2015-07-01,4,0
sh.110024,隧道转债,2013-09-30,2014-12-18,4,0
sh.110025,国金转债,2014-06-03,2015-01-09,4,0
sh.110026,中海转债,2007-07-12,2008-04-09,4,0
sh.110027,东方转债,2014-07-25,2015-02-27,4,0
sh.110028,冠城转债,2014-08-01,2015-04-29,4,0
sh.110029,浙能转债,2014-10-28,2015-06-05,4,0
sh.110030,格力转债,2015-01-13,2019-12-25,4,0
sh.110031,航信转债,2015-06-30,2021-06-15,4,0
sh.110032,三一转债,2016-01-18,2019-03-26,4,0
sh.110033,国贸转债,2016-01-19,2021-11-05,4,0
sh.110034,九州转债,2016-01-29,2022-01-17,4,0
sh.110035,白云转债,2016-03-15,2017-06-13,4,0
sh.110036,招行转债,2004-11-29,2009-11-17,4,0
sh.110037,歌华转债,2004-05-28,2009-05-18,4,0
sh.110038,济川转债,2017-11-29,2022-11-14,4,0
sh.110039,宝信转债,2017-12-05,2018-07-13,4,0
sh.110040,生益转债,2017-12-11,2019-08-01,4,0
sh.110041,蒙电转债,2018-01-09,2021-11-05,4,0
sh.110042,航电转债,2018-01-15,2020-09-08,4,0
sh.110043,无锡转债,2018-03-14,2024-01-31,4,0
sh.110044,广电转债,2018-07-24,2024-06-27,4,0
sh.110045,海澜转债,2018-07-31,2024-04-03,4,0
sh.110046,圆通转债,2018-12-18,2020-03-23,4,0
sh.110047,山鹰转债,2018-12-10,2024-11-21,4,0
sh.110048,福能转债,2018-12-28,2024-12-09,4,0
sh.110049,海尔转债,2019-01-18,2019-12-17,4,0
sh.110050,佳都转债,2019-01-21,2020-04-09,4,0
sh.110051,中天转债,2019-03-22,2021-12-17,4,0
sh.110052,贵广转债,2019-03-29,2025-03-05,4,0
sh.110053,苏银转债,2019-04-03,2023-10-20,4,0
sh.110054,通威转债,2019-04-10,2020-03-17,4,0
sh.110055,伊力转债,2019-04-04,2025-03-17,4,0
sh.110056,亨通转债,2019-04-16,2022-12-06,4,0
sh.110057,现代转债,2019-04-30,2023-06-16,4,0
sh.110058,永鼎转债,2019-05-08,2024-12-20,4,0
sh.110059,浦发转债,2019-11-15,2025-10-28,4,0
sh.110060,天路转债,2019-11-28,2025-10-28,4,0
sh.110061,川投转债,2019-12-02,2024-02-01,4,0
sh.110062,烽火转债,2019-12-25,2025-12-02,4,0
sh.110063,鹰19转债,2020-01-03,2025-12-15,4,0
sh.110064,建工转债,2020-01-16,2025-12-22,4,0
sh.110065,淮矿转债,2020-01-13,2021-07-02,4,0
sh.110066,盛屯转债,2020-03-31,2022-03-18,4,0
sh.110067,华安转债,2020-04-09,2026-03-12,4,0
sh.110068,龙净转债,2020-04-15,2024-12-18,4,0
sh.110069,瀚蓝转债,2020-05-07,2021-04-28,4,0
sh.110070,凌钢转债,2020-05-13,2026-04-13,4,0
sh.110071,湖盐转债,2020-07-31,2022-07-07,4,0
sh.110072,广汇转债,2020-09-15,2024-08-28,4,0
sh.110073,国投转债,2020-08-20,2026-07-24,4,0
sh.110074,精达转债,2020-09-21,2026-07-31,4,0
sh.110075,南航转债,2020-11-03,2026-10-15,4,0
sh.110076,华海转债,2020-11-25,2026-11-02,4,0
sh.110077,洪城转债,2020-12-17,,4,1
sh.110078,澄星转债,2007-05-25,2012-05-17,4,0
sh.110079,杭银转债,2021-04-23,2025-07-07,4,0
sh.110080,东湖转债,2021-05-12,2023-12-06,4,0
sh.110081,闻泰转债,2021-08-20,,4,1
sh.110082,宏发转债,2021-11-23,2025-12-12,4,0
sh.110083,苏租转债,2021-12-10,2024-10-18,4,0
sh.110084,贵燃转债,2022-01-18,,4,1
sh.110085,通22转债,2022-03-18,,4,1
sh.110086,精工转债,2022-05-23,,4,1
sh.110087,天业转债,2022-07-19,,4,1
sh.110088,淮22转债,2022-10-20,2024-04-03,4,0
sh.110089,兴发转债,2022-10-31,2026-03-04,4,0
sh.110090,爱迪转债,2022-10-28,,4,1
sh.110091,合力转债,2023-01-06,2024-07-04,4,0
sh.110092,三房转债,2023-02-07,,4,1
sh.110093,神马转债,2023-04-20,,4,1
sh.110094,众和转债,2023-08-14,2026-03-12,4,0
sh.110095,双良转债,2023-09-08,,4,1
sh.110096,豫光转债,2024-09-03,2025-12-19,4,0
sh.110097,天润转债,2024-11-15,,4,1
sh.110098,南药转债,2025-01-20,,4,1
sh.110099,福能转债,2025-10-30,,4,1
sh.110100,龙建转债,2026-02-12,,4,1
sh.110101,宝钛转债,2026-07-16,,4,1
sh.110102,江农转债,2026-08-05,,4,1
sh.110103,申能转债,2026-08-13,,4,1
sh.110219,南山转债,2004-11-03,2006-08-24,4,0
sh.110227,赤化转债,2007-10-23,2009-06-02,4,0
sh.110232,金鹰转债,2006-12-06,2009-05-19,4,0
sh.110317,营港转债,2004-06-03,2007-04-06,4,0
sh.110325,华发转债,2006-08-11,2007-04-13,4,0
sh.110368,五洲转债,2008-03-14,2009-07-08,4,0
sh.110398,凯诺转债,2006-08-30,2007-10-26,4,0
sh.110418,江淮转债,2004-04-29,2006-07-18,4,0
sh.110423,柳化转债,2006-08-10,2007-04-13,4,0
sh.110488,天药转债,2006-11-10,2007-07-04,4,0
sh.110567,山鹰转债,2007-09-17,2010-02-05,4,0
sh.110598,大荒转债,2007-12-28,2010-03-12,4,0
sh.110800,赛腾定转,2020-12-24,2021-05-31,4,0
sh.110801,继峰定01,2020-12-24,2025-11-18,4,0
sh.110802,继峰定02,2020-12-24,2022-01-21,4,0
sh.110803,国泰定01,2022-06-10,2022-09-29,4,0
sh.110804,国泰定02,2021-03-01,2022-03-09,4,0
sh.110806,中闽定02,2021-01-22,2021-09-30,4,0
sh.110807,动力定01,2021-05-13,2024-12-05,4,0
sh.110808,动力定02,2021-03-09,2026-03-23,4,0
sh.110810,天业定02,2021-06-29,2022-01-14,4,0
sh.110812,神马定02,2021-09-28,2022-01-21,4,0
sh.110813,海正定转,2022-06-30,2024-05-29,4,0
sh.110814,华电定转,2022-10-26,2023-06-08,4,0
sh.110815,九丰定01,2023-12-29,,4,1
sh.110816,九丰定02,2023-09-11,2026-05-18,4,0
sh.110817,保利定转,2025-06-19,,4,1
sh.110818,华发定转,2025-11-04,,4,1
sh.110874,创业转债,2004-07-19,2007-09-07,4,0
sh.110971,恒源转债,2007-10-12,2009-12-25,4,0
sh.111000,起帆转债,2021-06-17,,4,1
sh.111001,山玻转债,2021-12-06,2026-07-07,4,0
sh.111002,特纸转债,2021-12-30,,4,1
sh.111003,聚合转债,2022-04-19,,4,1
sh.111004,明新转债,2022-04-25,,4,1
sh.111005,富春转债,2022-07-25,2026-05-29,4,0
sh.111006,嵘泰转债,2022-09-21,2023-05-10,4,0
sh.111007,永和转债,2022-11-01,2025-10-10,4,0
sh.111008,沿浦转债,2022-11-28,2025-04-03,4,0
sh.111009,盛泰转债,2022-12-01,,4,1
sh.111010,立昂转债,2022-12-07,2026-06-18,4,0
sh.111011,冠盛转债,2023-02-06,2025-07-29,4,0
sh.111012,福新转债,2023-02-07,,4,1
sh.111013,新港转债,2023-05-05,2026-06-02,4,0
sh.111014,李子转债,2023-07-13,,4,1
sh.111015,东亚转债,2023-08-02,,4,1
sh.111016,神通转债,2023-08-15,2026-02-13,4,0
sh.111017,蓝天转债,2023-09-08,,4,1
sh.111018,华康转债,2024-01-15,,4,1
sh.111019,宏柏转债,2024-05-14,2026-03-23,4,0
sh.111020,合顺转债,2024-08-15,,4,1
sh.111021,奥锐转债,2024-08-15,,4,1
sh.111022,锡振转债,2025-07-14,,4,1
sh.111023,利柏转债,2025-07-22,2026-06-24,4,0
sh.111024,澳弘转债,2026-01-16,,4,1
sh.111025,圣泉转债,2026-07-21,,4,1
sh.111026,派克转债,2026-08-25,,4,1
sh.113001,中行转债,2010-06-18,2015-03-13,4,0
sh.113002,工行转债,2010-09-10,2015-02-26,4,0
sh.113003,重工转债,2012-06-18,2014-12-04,4,0
sh.113005,平安转债,2013-12-09,2015-01-15,4,0
sh.113006,深燃转债,2013-12-27,2015-05-08,4,0
sh.113007,吉视转债,2014-09-25,2015-07-15,4,0
sh.113008,电气转债,2015-02-16,2021-02-02,4,0
sh.113009,广汽转债,2016-02-04,2022-01-24,4,0
sh.113010,江南转债,2016-04-05,2019-02-20,4,0
sh.113011,光大转债,2017-04-05,2023-03-17,4,0
sh.113012,骆驼转债,2017-04-13,2021-09-03,4,0
sh.113013,国君转债,2017-07-24,2023-07-07,4,0
sh.113014,林洋转债,2017-11-13,2021-09-29,4,0
sh.113015,隆基转债,2017-11-20,2019-09-04,4,0
sh.113016,小康转债,2017-11-21,2023-06-26,4,0
sh.113017,吉视转债,2018-01-15,2023-12-27,4,0
sh.113018,常熟转债,2018-02-06,2019-05-23,4,0
sh.113019,玲珑转债,2018-03-22,2020-09-04,4,0
sh.113020,桐昆转债,2018-12-12,2020-11-27,4,0
sh.113021,中信转债,2019-03-19,2025-03-04,4,0
sh.113022,浙商转债,2019-03-28,2020-08-26,4,0
sh.113024,核建转债,2019-04-26,2025-04-08,4,0
sh.113025,明泰转债,2019-05-07,2023-10-24,4,0
sh.113026,核能转债,2019-05-08,2022-03-09,4,0
sh.113027,华钰转债,2019-07-10,2024-06-13,4,0
sh.113028,环境转债,2019-07-08,2020-09-18,4,0
sh.113029,明阳转债,2020-01-07,2021-03-19,4,0
sh.113030,东风转债,2020-01-20,2025-12-24,4,0
sh.113031,博威转债,2020-02-17,2020-08-31,4,0
sh.113032,桐20转债,2020-03-20,2021-01-14,4,0
sh.113033,利群转债,2020-04-21,2026-04-01,4,0
sh.113034,滨化转债,2020-04-30,2022-01-11,4,0
sh.113035,福莱转债,2020-06-17,2021-02-01,4,0
sh.113036,宁建转债,2020-08-06,2022-04-12,4,0
sh.113037,紫银转债,2020-08-17,2026-07-23,4,0
sh.113038,隆20转债,2020-09-08,2021-03-31,4,0
sh.113039,嘉泽转债,2020-09-17,2026-08-24,4,0
sh.113040,星宇转债,2020-11-16,2021-08-03,4,0
sh.113041,紫金转债,2020-11-27,2021-06-28,4,0
sh.113042,上银转债,2021-02-10,,4,1
sh.113043,财通转债,2020-12-28,,4,1
sh.113044,大秦转债,2021-01-15,2025-02-11,4,0
sh.113045,环旭转债,2021-04-02,2026-01-29,4,0
sh.113046,金田转债,2021-04-12,,4,1
sh.113047,旗滨转债,2021-05-07,2025-12-03,4,0
sh.113048,晶科转债,2021-05-31,,4,1
sh.113049,长汽转债,2021-07-08,,4,1
sh.113050,南银转债,2021-07-01,2025-07-18,4,0
sh.113051,节能转债,2021-07-22,,4,1
sh.113052,兴业转债,2022-01-14,,4,1
sh.113053,隆22转债,2022-02-17,,4,1
sh.113054,绿动转债,2022-03-23,,4,1
sh.113055,成银转债,2022-04-06,2025-02-06,4,0
sh.113056,重银转债,2022-04-14,,4,1
sh.113057,中银转债,2022-05-10,2023-12-19,4,0
sh.113058,友发转债,2022-04-26,,4,1
sh.113059,福莱转债,2022-06-13,,4,1
sh.113060,浙22转债,2022-07-08,2024-11-28,4,0
sh.113061,拓普转债,2022-08-12,2025-03-14,4,0
sh.113062,常银转债,2022-10-17,,4,1
sh.113063,赛轮转债,2022-11-24,2024-02-23,4,0
sh.113064,东材转债,2022-12-12,2025-09-08,4,0
sh.113065,齐鲁转债,2022-12-19,2025-08-14,4,0
sh.113066,平煤转债,2023-04-10,,4,1
sh.113067,燃23转债,2023-08-18,,4,1
sh.113068,金铜转债,2023-08-28,2025-08-26,4,0
sh.113069,博23转债,2024-01-18,2026-01-22,4,0
sh.113070,渝水转债,2025-02-13,,4,1
sh.113501,洛钼转债,2014-12-16,2015-07-16,4,0
sh.113502,嘉澳转债,2017-11-27,2022-09-23,4,0
sh.113503,泰晶转债,2018-01-02,2020-05-27,4,0
sh.113504,艾华转债,2018-03-23,2024-03-04,4,0
sh.113505,杭电转债,2018-03-27,2024-03-06,4,0
sh.113506,鼎信转债,2018-05-14,2019-05-08,4,0
sh.113507,天马转债,2018-05-07,2019-11-19,4,0
sh.113508,新凤转债,2018-05-16,2021-09-01,4,0
sh.113509,新泉转债,2018-06-22,2021-08-18,4,0
sh.113510,再升转债,2018-07-13,2020-03-25,4,0
sh.113511,千禾转债,2018-07-10,2020-05-29,4,0
sh.113512,景旺转债,2018-07-24,2019-04-30,4,0
sh.113513,安井转债,2018-07-31,2019-07-05,4,0
sh.113514,威帝转债,2018-08-13,2020-08-31,4,0
sh.113515,高能转债,2018-08-27,2020-06-18,4,0
sh.113516,苏农转债,2018-08-20,2024-08-02,4,0
sh.113517,曙光转债,2018-08-23,2020-03-31,4,0
sh.113518,顾家转债,2018-10-09,2020-08-28,4,0
sh.113519,长久转债,2018-11-30,2024-11-07,4,0
sh.113520,百合转债,2018-11-26,2021-01-07,4,0
sh.113521,科森转债,2018-12-07,2020-11-27,4,0
sh.113522,旭升转债,2018-12-11,2020-02-28,4,0
sh.113523,伟明转债,2018-12-26,2020-02-06,4,0
sh.113524,奇精转债,2019-01-07,2024-12-16,4,0
sh.113525,台华转债,2019-01-11,2023-01-06,4,0
sh.113526,联泰转债,2019-02-18,2025-01-23,4,0
sh.113527,维格转债,2019-02-19,2025-01-24,4,0
sh.113528,长城转债,2019-03-20,2021-12-24,4,0
sh.113529,绝味转债,2019-04-02,2019-11-22,4,0
sh.113530,大丰转债,2019-04-18,2025-03-27,4,0
sh.113531,百姓转债,2019-04-22,2020-05-21,4,0
sh.113532,海环转债,2019-04-24,2025-04-02,4,0
sh.113533,参林转债,2019-04-24,2020-01-17,4,0
sh.113534,鼎胜转债,2019-04-30,2025-04-09,4,0
sh.113535,大业转债,2019-06-03,2024-01-16,4,0
sh.113536,三星转债,2019-06-24,2021-12-31,4,0
sh.113537,文灿转债,2019-07-05,2024-12-18,4,0
sh.113538,安图转债,2019-07-22,2020-02-19,4,0
sh.113539,圣达转债,2019-07-26,2020-03-11,4,0
sh.113540,南威转债,2019-08-05,2020-03-25,4,0
sh.113541,荣晟转债,2019-08-13,2022-06-28,4,0
sh.113542,好客转债,2019-08-23,2025-08-01,4,0
sh.113543,欧派转债,2019-09-04,2021-07-12,4,0
sh.113544,桃李转债,2019-10-15,2020-09-18,4,0
sh.113545,金能转债,2019-11-07,2025-10-14,4,0
sh.113546,迪贝转债,2019-11-21,2025-02-19,4,0
sh.113547,索发转债,2019-11-22,2020-09-16,4,0
sh.113548,石英转债,2019-11-22,2022-08-15,4,0
sh.113549,白电转债,2019-12-11,2025-08-29,4,0
sh.113550,常汽转债,2019-12-12,2022-04-19,4,0
sh.113551,福特转债,2019-12-11,2020-07-16,4,0
sh.113552,克来转债,2019-12-19,2020-08-07,4,0
sh.113553,金牌转债,2020-01-07,2020-12-04,4,0
sh.113554,仙鹤转债,2020-01-10,2020-09-11,4,0
sh.113555,振德转债,2020-01-14,2020-12-04,4,0
sh.113556,至纯转债,2020-01-09,2021-01-26,4,0
sh.113557,森特转债,2020-01-10,2021-04-30,4,0
sh.113558,日月转债,2020-01-14,2020-08-19,4,0
sh.113559,永创转债,2020-01-10,2021-06-28,4,0
sh.113561,正裕转债,2020-02-10,2025-06-19,4,0
sh.113562,璞泰转债,2020-02-04,2020-12-21,4,0
sh.113563,柳药转债,2020-02-24,2026-01-16,4,0
sh.113564,天目转债,2020-03-16,2021-05-19,4,0
sh.113565,宏辉转债,2020-03-16,2025-09-19,4,0
sh.113566,翔港转债,2020-03-31,2024-04-15,4,0
sh.113567,君禾转债,2020-04-03,2023-03-15,4,0
sh.113568,新春转债,2020-04-02,2022-06-13,4,0
sh.113569,科达转债,2020-04-08,2025-10-21,4,0
sh.113570,百达转债,2020-04-08,2023-03-24,4,0
sh.113571,博特转债,2020-04-01,2020-11-18,4,0
sh.113572,三祥转债,2020-04-09,2021-09-24,4,0
sh.113573,纵横转债,2020-05-22,2024-12-05,4,0
sh.113574,华体转债,2020-04-27,2026-03-31,4,0
sh.113575,东时转债,2020-04-30,,4,1
sh.113576,起步转债,2020-05-07,2025-01-17,4,0
sh.113577,春秋转债,2020-05-13,2025-11-07,4,0
sh.113578,全筑转债,2020-05-19,2024-01-30,4,0
sh.113579,健友转债,2020-05-22,2026-04-23,4,0
sh.113580,康隆转债,2020-05-20,2021-11-19,4,0
sh.113581,龙蟠转债,2020-05-19,2020-12-11,4,0
sh.113582,火炬转债,2020-06-23,2025-04-23,4,0
sh.113583,益丰转债,2020-06-22,2021-03-05,4,0
sh.113584,家悦转债,2020-06-24,2026-06-05,4,0
sh.113585,寿仙转债,2020-07-07,2023-06-06,4,0
sh.113586,上机转债,2020-07-07,2021-01-20,4,0
sh.113587,泛微转债,2020-07-14,2021-02-23,4,0
sh.113588,润达转债,2020-07-13,2026-06-17,4,0
sh.113589,天创转债,2020-07-16,2026-06-24,4,0
sh.113590,海容转债,2020-07-27,2021-03-08,4,0
sh.113591,胜达转债,2020-07-23,2023-12-27,4,0
sh.113592,安20转债,2020-07-31,2021-03-08,4,0
sh.113593,沪工转债,2020-08-10,2026-01-22,4,0
sh.113594,淳中转债,2020-08-28,2024-04-12,4,0
sh.113595,花王转债,2020-08-18,2024-02-27,4,0
sh.113596,城地转债,2020-08-20,2024-12-18,4,0
sh.113597,佳力转债,2020-08-21,2026-07-30,4,0
sh.113598,法兰转债,2020-08-25,2025-06-20,4,0
sh.113599,嘉友转债,2020-09-07,2022-07-26,4,0
sh.113600,新星转债,2020-09-11,2024-11-21,4,0
sh.113601,塞力转债,2020-09-15,2026-04-10,4,0
sh.113602,景20转债,2020-09-22,2024-08-13,4,0
sh.113603,东缆转债,2020-10-29,2021-11-30,4,0
sh.113604,多伦转债,2020-11-17,2023-12-26,4,0
sh.113605,大参转债,2020-11-13,2026-10-22,4,0
sh.113606,荣泰转债,2020-11-20,2025-09-12,4,0
sh.113607,伟20转债,2020-11-27,2021-12-29,4,0
sh.113608,威派转债,2020-11-27,2025-03-31,4,0
sh.113609,永安转债,2020-12-23,2025-08-12,4,0
sh.113610,灵康转债,2020-12-22,,4,1
sh.113611,福20转债,2020-12-22,2021-07-29,4,0
sh.113612,永冠转债,2021-01-07,2021-09-10,4,0
sh.113614,健20转债,2021-01-18,2021-12-15,4,0
sh.113615,金诚转债,2021-01-14,,4,1
sh.113616,韦尔转债,2021-01-22,,4,1
sh.113618,美诺转债,2021-02-04,2026-05-08,4,0
sh.113619,世运转债,2021-02-19,2024-12-03,4,0
sh.113620,傲农转债,2021-04-02,2022-09-01,4,0
sh.113621,彤程转债,2021-02-22,2025-11-14,4,0
sh.113622,杭叉转债,2021-04-14,2023-03-24,4,0
sh.113623,凤21转债,2021-05-07,2026-03-11,4,0
sh.113624,正川转债,2021-06-01,2026-07-31,4,0
sh.113625,江山转债,2021-07-01,,4,1
sh.113626,伯特转债,2021-07-21,2023-10-31,4,0
sh.113627,太平转债,2021-08-06,,4,1
sh.113628,晨丰转债,2021-09-17,2025-11-21,4,0
sh.113629,泉峰转债,2021-10-21,2025-07-30,4,0
sh.113630,赛伍转债,2021-11-23,2022-08-01,4,0
sh.113631,皖天转债,2021-12-10,,4,1
sh.113632,鹤21转债,2021-12-09,2026-07-27,4,0
sh.113633,科沃转债,2021-12-29,,4,1
sh.113634,珀莱转债,2022-01-04,,4,1
sh.113635,升21转债,2021-12-30,2022-09-29,4,0
sh.113636,甬金转债,2021-12-31,,4,1
sh.113637,华翔转债,2022-01-20,2025-06-12,4,0
sh.113638,台21转债,2022-01-21,,4,1
sh.113639,华正转债,2022-02-22,2026-02-24,4,0
sh.113640,苏利转债,2022-03-10,,4,1
sh.113641,华友转债,2022-03-23,2025-09-29,4,0
sh.113642,上22转债,2022-04-06,2022-11-16,4,0
sh.113643,风语转债,2022-04-22,,4,1
sh.113644,艾迪转债,2022-05-12,2026-07-09,4,0
sh.113646,永吉转债,2022-05-17,,4,1
sh.113647,禾丰转债,2022-05-18,,4,1
sh.113648,巨星转债,2022-05-17,,4,1
sh.113649,丰山转债,2022-07-21,,4,1
sh.113650,博22转债,2022-07-28,,4,1
sh.113651,松霖转债,2022-08-17,2026-03-23,4,0
sh.113652,伟22转债,2022-08-12,,4,1
sh.113653,永22转债,2022-08-26,2026-04-22,4,0
sh.113654,永02转债,2022-09-01,2026-05-13,4,0
sh.113655,欧22转债,2022-09-01,,4,1
sh.113656,嘉诚转债,2022-10-12,,4,1
sh.113657,再22转债,2022-10-27,2026-01-21,4,0
sh.113658,密卫转债,2022-10-25,2026-08-12,4,0
sh.113659,莱克转债,2022-11-15,,4,1
sh.113660,寿22转债,2022-12-12,,4,1
sh.113661,福22转债,2022-12-22,,4,1
sh.113662,豪能转债,2022-12-23,2024-12-12,4,0
sh.113663,新化转债,2022-12-16,2025-12-26,4,0
sh.113664,大元转债,2023-01-04,2025-09-17,4,0
sh.113665,汇通转债,2023-01-11,,4,1
sh.113666,爱玛转债,2023-03-20,,4,1
sh.113667,春23转债,2023-04-11,2026-08-31,4,0
sh.113668,鹿山转债,2023-04-27,2025-10-20,4,0
sh.113669,景23转债,2023-05-09,2025-10-09,4,0
sh.113670,金23转债,2023-05-16,,4,1
sh.113671,武进转债,2023-08-03,,4,1
sh.113672,福蓉转债,2023-08-10,2026-01-29,4,0
sh.113673,岱美转债,2023-08-10,,4,1
sh.113674,华设转债,2023-08-15,,4,1
sh.113675,新23转债,2023-09-05,2025-10-30,4,0
sh.113676,荣23转债,2023-09-13,2026-03-25,4,0
sh.113677,华懋转债,2023-10-12,,4,1
sh.113678,中贝转债,2023-11-21,,4,1
sh.113679,芯能转债,2023-11-24,,4,1
sh.113680,丽岛转债,2023-12-05,,4,1
sh.113681,镇洋转债,2024-01-17,,4,1
sh.113682,益丰转债,2024-03-27,,4,1
sh.113683,伟24转债,2024-04-22,2025-12-18,4,0
sh.113684,湘泵转债,2024-04-29,2025-04-09,4,0
sh.113685,升24转债,2024-07-10,2025-11-14,4,0
sh.113686,泰瑞转债,2024-07-24,,4,1
sh.113687,振华转债,2024-08-02,2026-04-24,4,0
sh.113688,国检转债,2024-11-12,,4,1
sh.113689,洛凯转债,2024-11-11,2025-11-21,4,0
sh.113690,豪24转债,2024-11-20,2025-10-13,4,0
sh.113691,和邦转债,2024-11-19,,4,1
sh.113692,保隆转债,2024-11-27,,4,1
sh.113693,志邦转债,2025-04-08,,4,1
sh.113694,清源转债,2025-04-25,,4,1
sh.113695,华辰转债,2025-07-10,,4,1
sh.113696,伯25转债,2025-07-28,,4,1
sh.113697,应流转债,2025-10-22,2026-08-28,4,0
sh.113698,凯众转债,2025-09-10,,4,1
sh.113699,金25转债,2025-10-27,,4,1
sh.113700,海天转债,2026-03-12,,4,1
sh.113701,祥和转债,2026-03-26,,4,1
sh.113702,斯达转债,2026-05-11,,4,1
sh.113703,翔26转债,2026-07-07,,4,1
sh.113704,春风转债,2026-07-07,,4,1
sh.113705,豪26转债,2026-07-10,,4,1
sh.113706,金帝转债,2026-07-10,,4,1
sh.113707,科博转债,2026-07-31,,4,1
sh.113708,曙26转债,2026-08-06,,4,1
sh.113709,振26转债,2026-08-17,,4,1
sh.113710,四方转债,2026-09-23,,4,1
sh.118000,嘉元转债,2021-03-15,2026-04-02,4,0
sh.118001,金博转债,2021-08-18,2022-09-26,4,0
sh.118002,天合转债,2021-09-01,2022-04-13,4,0
sh.118003,华兴转债,2021-12-20,2026-05-19,4,0
sh.118004,博瑞转债,2022-01-27,2026-05-22,4,0
sh.118005,天奈转债,2022-03-01,,4,1
sh.118006,阿拉转债,2022-04-12,2026-05-06,4,0
sh.118007,山石转债,2022-04-21,,4,1
sh.118008,海优转债,2022-07-21,2026-04-07,4,0
sh.118009,华锐转债,2022-07-21,2026-02-03,4,0
sh.118010,洁特转债,2022-08-02,,4,1
sh.118011,银微转债,2022-08-02,2026-07-27,4,0
sh.118012,微芯转债,2022-07-28,,4,1
sh.118013,道通转债,2022-07-28,,4,1
sh.118014,高测转债,2022-08-12,2025-09-09,4,0
sh.118015,芯海转债,2022-08-18,,4,1
sh.118016,京源转债,2022-08-25,,4,1
sh.118017,深科转债,2022-08-29,2024-01-10,4,0
sh.118018,瑞科转债,2022-09-14,2026-07-06,4,0
sh.118019,金盘转债,2022-10-13,2024-05-28,4,0
sh.118020,芳源转债,2022-11-07,,4,1
sh.118021,新致转债,2022-11-02,2026-03-25,4,0
sh.118022,锂科转债,2022-11-07,,4,1
sh.118023,广大转债,2022-11-09,2025-08-25,4,0
sh.118024,冠宇转债,2022-11-17,,4,1
sh.118025,奕瑞转债,2022-11-18,2026-07-06,4,0
sh.118026,利元转债,2022-11-18,2024-12-31,4,0
sh.118027,宏图转债,2022-12-22,,4,1
sh.118028,会通转债,2023-01-04,2025-07-25,4,0
sh.118029,富淼转债,2023-01-09,2026-02-06,4,0
sh.118030,睿创转债,2023-02-10,,4,1
sh.118031,天23转债,2023-03-15,,4,1
sh.118032,建龙转债,2023-04-07,,4,1
sh.118033,华特转债,2023-04-14,2026-06-10,4,0
sh.118034,晶能转债,2023-05-19,,4,1
sh.118035,国力转债,2023-07-06,,4,1
sh.118036,力合转债,2023-07-20,,4,1
sh.118037,上声转债,2023-08-01,,4,1
sh.118038,金宏转债,2023-08-10,2026-04-29,4,0
sh.118039,煜邦转债,2023-08-15,,4,1
sh.118040,宏微转债,2023-08-14,2026-07-24,4,0
sh.118041,星球转债,2023-08-22,2026-06-10,4,0
sh.118042,奥维转债,2023-09-01,,4,1
sh.118043,福立转债,2023-09-12,2026-02-11,4,0
sh.118044,赛特转债,2023-10-12,,4,1
sh.118045,盟升转债,2023-10-17,2026-03-24,4,0
sh.118046,诺泰转债,2024-01-18,2025-04-25,4,0
sh.118048,利扬转债,2024-07-19,2026-03-31,4,0
sh.118049,汇成转债,2024-09-02,2026-04-28,4,0
sh.118050,航宇转债,2024-09-10,,4,1
sh.118051,皓元转债,2024-12-19,,4,1
sh.118052,浩瀚转债,2025-04-07,,4,1
sh.118053,正帆转债,2025-04-03,2026-08-13,4,0
sh.118054,安集转债,2025-04-25,2026-03-27,4,0
sh.118055,伟测转债,2025-04-30,2026-04-03,4,0
sh.118056,路维转债,2025-07-10,,4,1
sh.118057,甬矽转债,2025-07-16,2026-06-16,4,0
sh.118058,微导转债,2025-08-27,,4,1
sh.118059,颀中转债,2025-11-21,,4,1
sh.118060,瑞可转债,2025-12-12,,4,1
sh.118061,茂莱转债,2025-12-10,,4,1
sh.118062,天准转债,2025-12-31,,4,1
sh.118063,金05转债,2026-01-14,,4,1
sh.118064,联瑞转债,2026-01-28,,4,1
sh.118065,艾为转债,2026-02-26,,4,1
sh.118066,统联转债,2026-03-20,,4,1
sh.118067,上26转债,2026-04-14,,4,1
sh.118068,迪威转债,2026-06-30,,4,1
sh.118069,爱科转债,2026-07-09,,4,1
sh.118070,南芯转债,2026-07-10,,4,1
sh.118071,华峰转债,2026-07-17,,4,1
sh.118072,鼎通转债,2026-07-17,,4,1
sh.118073,赛斯转债,2026-08-12,,4,1
sh.118074,特宝转债,2026-08-13,,4,1
sh.118075,奥普转债,2026-08-19,,4,1
sh.118076,先锋转债,2026-08-26,,4,1
sh.126001,06马钢债,2006-11-29,2011-11-09,4,0
sh.126002,06中化债,2006-12-18,2012-11-29,4,0
sh.126003,07云化债,2007-03-08,2013-01-29,4,0
sh.126005,07武钢债,2007-04-17,2012-03-26,4,0
sh.126006,07深高债,2007-10-30,2013-10-09,4,0
sh.126007,07日照债,2007-12-12,2013-11-27,4,0
sh.126008,08上汽债,2008-01-08,2013-12-19,4,0
sh.126009,08赣粤债,2008-02-28,2014-01-28,4,0
sh.126010,08中远债,2008-02-26,2014-01-28,4,0
sh.126011,08石化债,2008-03-04,2014-02-20,4,0
sh.126012,08上港债,2008-03-07,2011-02-21,4,0
sh.126013,08青啤债,2008-04-18,2014-04-02,4,0
sh.126014,08国电债,2008-05-22,2014-05-07,4,0
sh.126015,08康美债,2008-05-26,2014-05-08,4,0
sh.126016,08宝钢债,2008-07-04,2014-06-20,4,0
sh.126017,08葛洲债,2008-07-11,2014-06-26,4,0
sh.126018,08江铜债,2008-10-10,2016-09-22,4,0
sh.126019,09长虹债,2009-08-19,2015-07-31,4,0
sh.145900,17旭杰转,2017-10-24,2020-05-22,4,0
sh.145901,17伏泰转,2017-10-26,2018-10-16,4,0
sh.145904,25钢研K1,2026-01-05,,4,1
sh.145905,智转债K1,2025-12-16,,4,1
sh.145951,18君实转,2018-03-05,2019-07-08,4,0
sh.510010,交银上证180公司治理ETF,2009-12-15,,5,1
sh.510020,博时上证超大盘ETF,2010-03-19,,5,1
sh.510030,上证180价值ETF,2010-05-28,,5,1
sh.510040,鹏华上证180ETF,2025-01-06,,5,1
sh.510050,华夏上证50ETF,2005-02-23,,5,1
sh.510060,工银上证央企ETF,2009-10-27,,5,1
sh.510090,建信上证社会责任ETF,2010-08-09,,5,1
sh.510100,易方达上证50ETF,2019-10-09,,5,1
sh.510130,易方达上证中盘ETF,2010-06-23,,5,1
sh.510140,华夏上证综合ETF,2026-07-03,,5,1
sh.510150,招商上证消费80ETF,2011-02-25,,5,1
sh.510160,中证南方小康产业指数ETF,2010-11-01,,5,1
sh.510170,国联安上证商品ETF,2011-01-25,,5,1
sh.510180,华安上证180ETF,2006-05-18,,5,1
sh.510190,华安上证50ETF,2011-01-10,,5,1
sh.510200,汇安上证证券ETF,2020-05-08,,5,1
sh.510210,上证综指ETF,2011-03-25,,5,1
sh.510230,国泰上证180金融ETF,2011-05-23,,5,1
sh.510270,中银上证国企100ETF,2011-08-18,,5,1
sh.510290,南方上证380ETF,2011-11-08,,5,1
sh.510300,华泰柏瑞沪深300ETF,2012-05-28,,5,1
sh.510310,易方达沪深300ETF,2013-03-25,,5,1
sh.510320,中金沪深300ETF,2025-04-25,,5,1
sh.510330,华夏沪深300ETF,2013-01-16,,5,1
sh.510350,工银沪深300ETF,2019-08-16,,5,1
sh.510360,广发沪深300ETF,2015-09-09,,5,1
sh.510370,兴业沪深300ETF,2020-10-27,,5,1
sh.510380,国寿安保沪深300ETF,2018-02-07,,5,1
sh.510390,平安沪深300ETF,2018-01-26,,5,1
sh.510410,博时上证自然资源ETF,2012-05-11,,5,1
sh.510500,南方中证500ETF,2013-03-15,,5,1
sh.510510,广发中证500ETF,2013-05-24,,5,1
sh.510530,工银中证500ETF,2020-01-03,,5,1
sh.510550,方正富邦中证500ETF,2019-01-16,,5,1
sh.510560,国寿安保中证500ETF,2015-07-03,,5,1
sh.510570,兴业中证500ETF,2020-08-12,,5,1
sh.510580,易方达中证500ETF,2015-09-14,,5,1
sh.510590,平安中证500ETF,2018-05-04,,5,1
sh.510600,申万菱信上证50ETF,2018-09-20,,5,1
sh.510630,华夏消费ETF,2013-05-08,,5,1
sh.510650,上证金融地产发起式ETF,2013-05-08,,5,1
sh.510660,华夏医药ETF,2013-05-08,,5,1
sh.510670,华夏上证180ETF,2025-10-29,,5,1
sh.510680,万家上证50ETF,2013-12-02,,5,1
sh.510710,博时上证50ETF,2015-06-15,,5,1
sh.510720,国泰上证国有企业红利ETF,2024-05-15,,5,1
sh.510760,国泰上证综合交易ETF,2020-09-09,,5,1
sh.510770,申万菱信上证G60创新ETF,2021-09-28,,5,1
sh.510800,建信上证50ETF,2018-01-15,,5,1
sh.510810,汇添富中证上海国企ETF,2016-08-29,,5,1
sh.510850,工银瑞信上证50ETF,2019-03-06,,5,1
sh.510880,华泰柏瑞上证红利ETF,2007-01-18,,5,1
sh.510900,易方达恒生国企(QDII-ETF),2012-10-22,,5,1
sh.510910,南方上证综合ETF,2026-06-03,,5,1
sh.510950,广发上证50ETF,2024-05-10,,5,1
sh.510980,汇添富上证综合ETF,2023-12-01,,5,1
sh.510990,工银瑞信中证180ESGETF,2021-07-01,,5,1
sh.511010,国泰上证5年期国债ETF,2013-03-25,,5,1
sh.511020,平安5-10年期国债活跃券ETF,2019-02-22,,5,1
sh.511030,平安中高等级公司债利差因子ETF,2019-03-22,,5,1
sh.511060,海富通上证5年期地方政府债ETF,2019-12-12,,5,1
sh.511070,南方上证基准做市公司债ETF,2025-01-22,,5,1
sh.511090,鹏扬中债-30年期国债ETF,2023-06-13,,5,1
sh.511100,华夏上证基准做市国债ETF,2023-12-25,,5,1
sh.511110,易方达上证基准做市公司债ETF,2025-01-24,,5,1
sh.511120,广发上证AAA科技创新公司债ETF,2025-07-17,,5,1
sh.511130,博时上证30年期国债ETF,2024-03-28,,5,1
sh.511150,永赢上证AAA科技创新公司债ETF,2025-09-24,,5,1
sh.511160,国债ETF东财,2025-01-06,,5,1
sh.511180,海富通上证投资级可转债ETF,2020-08-26,,5,1
sh.511190,海富通上证基准做市公司债ETF,2025-02-05,,5,1
sh.511200,华夏上证基准做市公司债ETF,2025-02-07,,5,1
sh.511220,海富通上证城投债ETF,2014-12-16,,5,1
sh.511260,国泰上证10年期国债ETF,2017-08-24,,5,1
sh.511270,海富通上证10年期地方政府债ETF,2018-11-22,,5,1
sh.511360,海富通中证短融ETF,2020-09-25,,5,1
sh.511380,博时可转债ETF,2020-04-07,,5,1
sh.511520,富国中债7-10年政策性金融债ETF,2022-10-25,,5,1
sh.511580,招商中证国债及政策性金融债0-3年ETF,2022-12-14,,5,1
sh.511600,华安日日鑫货币H,2016-09-27,,5,1
sh.511620,国泰瞬利货币A,2017-09-07,,5,1
sh.511650,华夏快线货币ETFE,2017-01-16,,5,1
sh.511660,建信现金添益货币H,2016-09-21,,5,1
sh.511670,华泰紫金天天金货币ETFA,2017-08-28,,5,1
sh.511690,大成添益交易型货币E,2016-10-20,,5,1
sh.511700,平安日鑫E,2016-10-17,,5,1
sh.511770,金鹰增益货币E,2017-04-10,,5,1
sh.511800,易方达货币E,2014-12-08,,5,1
sh.511810,南方理财金交易型货币H,2015-01-05,,5,1
sh.511820,鹏华添利交易型货币B,2016-02-22,,5,1
sh.511830,华泰柏瑞交易货币A,2015-08-03,,5,1
sh.511850,招商财富宝交易型货币E,2016-07-18,,5,1
sh.511860,博时保证金货币ETFA,2014-12-09,,5,1
sh.511880,银华日利A,2013-04-18,,5,1
sh.511900,富国收益宝交易型货币H,2015-12-09,,5,1
sh.511910,融通易支付货币E,2016-07-04,,5,1
sh.511920,广发货币E,2016-03-28,,5,1
sh.511930,国联日盈A,2015-12-15,,5,1
sh.511950,广发添利货币A,2016-12-19,,5,1
sh.511960,嘉实快线货币H,2016-01-11,,5,1
sh.511970,国寿安保货币E,2016-07-18,,5,1
sh.511980,汇添富添富通货币E,2015-11-02,,5,1
sh.511990,华宝添益A,2013-01-28,,5,1
sh.512000,华宝中证全指证券公司ETF,2016-09-14,,5,1
sh.512010,易方达沪深300医药ETF,2013-10-28,,5,1
sh.512020,鹏华中证A500ETF,2024-12-02,,5,1
sh.512030,易方达中证A50增强策略ETF,2025-08-13,,5,1
sh.512040,富国中证价值ETF,2018-11-29,,5,1
sh.512050,华夏中证A500ETF,2024-11-15,,5,1
sh.512060,天弘中证A100ETF,2025-07-18,,5,1
sh.512070,易方达沪深300非银ETF,2014-07-18,,5,1
sh.512080,中金中证A500ETF,2025-01-21,,5,1
sh.512090,易方达MSCI中国A股国际通ETF,2018-06-01,,5,1
sh.512100,南方中证1000ETF,2016-11-04,,5,1
sh.512120,华安中证细分医药ETF,2014-01-06,,5,1
sh.512130,鹏华中证全指自由现金流ETF,2025-07-01,,5,1
sh.512140,华安中证全指电力公用事业ETF,2026-05-11,,5,1
sh.512150,富时中国A50ETF,2019-01-21,,5,1
sh.512160,南方MSCI中国A股国际通ETF,2018-04-27,,5,1
sh.512170,华宝中证医疗ETF,2019-06-17,,5,1
sh.512180,建信MSCI中国A股国际通ETF,2018-05-21,,5,1
sh.512190,浙商汇金中证浙江凤凰行动50ETF,2019-09-09,,5,1
sh.512200,南方中证房地产ETF,2017-09-25,,5,1
sh.512220,景顺长城中证科技传媒通信150ETF,2014-08-19,,5,1
sh.512240,鹏华中证A50ETF,2025-04-07,,5,1
sh.512250,招商中证A50ETF,2025-04-14,,5,1
sh.512260,华安中证500低波ETF,2019-01-11,,5,1
sh.512290,国泰中证生物医药ETF,2019-05-20,,5,1
sh.512330,南方中证500信息技术ETF,2015-07-20,,5,1
sh.512360,平安MSCI中国A股国际ETF,2018-07-20,,5,1
sh.512370,华夏中证A500增强策略ETF,2025-08-18,,5,1
sh.512380,银华MSCI中国A股ETF,2019-04-30,,5,1
sh.512390,平安MSCI中国A股低波动ETF,2018-07-13,,5,1
sh.512400,南方中证申万有色金属ETF,2017-09-01,,5,1
sh.512410,广发中证银行ETF,2026-07-08,,5,1
sh.512420,华安中证工程机械主题ETF,2026-08-07,,5,1
sh.512430,华泰柏瑞中证家居家电ETF,2026-04-30,,5,1
sh.512450,广发中证畜牧养殖产业ETF,2026-04-01,,5,1
sh.512460,华夏中证电池主题ETF,2026-03-20,,5,1
sh.512470,广发中证工业有色金属主题ETF,2026-09-24,,5,1
sh.512480,国联安半导体ETF,2019-06-12,,5,1
sh.512500,华夏中证500ETF,2015-05-29,,5,1
sh.512510,华泰柏瑞中证500ETF,2015-06-12,,5,1
sh.512520,华泰柏瑞MSCI中国A股国际通ETF,2018-05-18,,5,1
sh.512530,建信沪深300红利ETF,2019-09-23,,5,1
sh.512550,嘉实富时中国A50ETF,2017-08-07,,5,1
sh.512560,易方达中证军工ETF,2017-07-28,,5,1
sh.512570,易方达中证全指证券公司ETF,2017-08-11,,5,1
sh.512580,广发中证环保ETF,2017-02-28,,5,1
sh.512600,嘉实中证主要消费ETF,2014-07-25,,5,1
sh.512620,天弘中证农业主题ETF,2025-11-21,,5,1
sh.512630,广发中证卫星产业ETF,2025-10-22,,5,1
sh.512640,嘉实中证金融地产ETF,2014-07-25,,5,1
sh.512650,添富中证长三角ETF,2019-10-25,,5,1
sh.512660,国泰中证军工ETF,2016-08-08,,5,1
sh.512670,鹏华中证国防ETF,2019-08-01,,5,1
sh.512680,广发中证军工ETF,2016-10-14,,5,1
sh.512690,鹏华中证酒ETF,2019-05-06,,5,1
sh.512700,南方中证银行ETF,2017-07-26,,5,1
sh.512710,富国中证军工龙头ETF,2019-08-26,,5,1
sh.512720,国泰中证计算机主题ETF,2019-08-16,,5,1
sh.512730,鹏华中证银行ETF,2020-02-07,,5,1
sh.512740,广发中证汽车零部件主题ETF,2026-09-14,,5,1
sh.512750,嘉实中证锐联基本面50ETF,2019-07-05,,5,1
sh.512760,国泰CES芯片ETF,2019-06-12,,5,1
sh.512770,华夏战略新兴成指ETF,2018-08-16,,5,1
sh.512800,华宝中证银行ETF,2017-08-03,,5,1
sh.512810,华宝中证军工ETF,2016-08-22,,5,1
sh.512820,汇添富中证银行ETF,2018-11-23,,5,1
sh.512870,南华中证杭州湾区ETF,2019-02-22,,5,1
sh.512880,国泰中证全指证券公司ETF,2016-08-08,,5,1
sh.512890,华泰柏瑞中证红利低波动ETF,2019-01-18,,5,1
sh.512900,南方中证全指证券公司ETF,2017-03-31,,5,1
sh.512910,广发中证A100ETF,2019-07-01,,5,1
sh.512930,平安人工智能ETF,2019-08-23,,5,1
sh.512940,华安中证有色金属矿业主题ETF,2026-02-26,,5,1
sh.512950,华夏中证央企ETF,2019-01-18,,5,1
sh.512960,博时央企结构调整ETF,2019-01-18,,5,1
sh.512970,平安粤港澳大湾区发展主题ETF,2019-11-11,,5,1
sh.512980,广发中证传媒ETF,2018-01-19,,5,1
sh.512990,华夏MSCI中国A股国际通ETF,2015-03-25,,5,1
sh.513000,易方达奥明日经225ETF(QDII),2019-06-25,,5,1
sh.513010,易方达恒生科技ETF(QDII),2021-05-25,,5,1
sh.513020,国泰中证港股通科技ETF,2022-02-08,,5,1
sh.513030,华安德国(DAX)ETF(QDII),2014-09-05,,5,1
sh.513040,易方达中证港股通互联网ETF,2023-06-12,,5,1
sh.513050,易方达中证海外中国互联网50(QDII-ETF),2017-01-18,,5,1
sh.513060,博时恒生医疗保健(QDII-ETF),2021-03-29,,5,1
sh.513070,易方达中证港股通消费主题ETF,2022-03-24,,5,1
sh.513080,华安法国CAC40ETF(QDII),2020-06-12,,5,1
sh.513090,易方达中证香港证券投资主题ETF,2020-03-26,,5,1
sh.513100,国泰纳斯达克100(QDII-ETF),2013-05-15,,5,1
sh.513110,华泰柏瑞纳斯达克100ETF(QDII),2023-03-20,,5,1
sh.513120,广发中证香港创新药(QDII-ETF),2022-07-12,,5,1
sh.513130,华泰柏瑞南方东英恒生科技指数ETF(QDII),2021-06-01,,5,1
sh.513140,华泰柏瑞中证港股通金融服务ETF(QDII),2023-01-12,,5,1
sh.513150,华泰柏瑞中证港股通科技ETF,2022-02-11,,5,1
sh.513160,银华恒生港股通中国科技ETF,2022-02-09,,5,1
sh.513170,鹏华恒生中国央企(QDII),2024-04-19,,5,1
sh.513180,华夏恒生科技ETF(QDII),2021-05-25,,5,1
sh.513190,华夏中证港股通内地金融ETF,2023-10-11,,5,1
sh.513200,易方达中证港股通医药卫生综合ETF,2022-02-11,,5,1
sh.513210,易方达恒生ETF(QDII),2024-04-22,,5,1
sh.513220,招商中证全球中国互联网ETF(QDII),2022-07-15,,5,1
sh.513230,华夏中证港股通消费主题ETF,2022-01-24,,5,1
sh.513240,华安中证港股通信息技术综合ETF,2026-05-08,,5,1
sh.513260,汇添富恒生科技ETF(QDII),2022-09-13,,5,1
sh.513280,汇添富恒生生物科技ETF(QDII),2022-07-18,,5,1
sh.513290,汇添富纳斯达克生物科技ETF,2022-08-29,,5,1
sh.513300,华夏纳斯达克100ETF(QDII),2020-11-05,,5,1
sh.513310,华泰柏瑞中证韩交所中韩半导体ETF(QDII),2022-12-22,,5,1
sh.513320,易方达恒生港股通新经济ETF,2022-03-21,,5,1
sh.513330,华夏恒生互联网科技业ETF(QDII),2021-02-08,,5,1
sh.513350,富国标普石油天然气勘探及生产精选行业ETF(QDII),2023-11-28,,5,1
sh.513360,博时全球中国教育(QDII-ETF),2021-06-17,,5,1
sh.513380,广发恒生科技(QDII-ETF),2022-05-12,,5,1
sh.513390,博时纳斯达克100ETF,2023-05-08,,5,1
sh.513400,鹏华道琼斯工业平均ETF(QDII),2024-02-02,,5,1
sh.513500,博时标普500ETF(QDII),2014-01-15,,5,1
sh.513520,华夏野村日经225ETF(QDII),2019-06-25,,5,1
sh.513530,华泰柏瑞中证港股通高股息投资ETF(QDII),2022-04-25,,5,1
sh.513550,华泰柏瑞中证港股通50ETF,2021-01-13,,5,1
sh.513560,兴银中证港股通科技ETF,2023-02-13,,5,1
sh.513580,华安恒生科技(QDII-ETF),2021-05-27,,5,1
sh.513590,鹏华中证港股通消费主题ETF,2021-08-19,,5,1
sh.513600,南方恒指ETF,2015-01-26,,5,1
sh.513620,银华中证港股通医疗主题ETF,2026-05-18,,5,1
sh.513630,摩根标普港股通低波红利ETF,2023-12-08,,5,1
sh.513650,南方标普500ETF(QDII),2023-04-04,,5,1
sh.513660,华夏沪港通恒生ETF,2015-01-26,,5,1
sh.513690,博时港股红利ETF,2021-05-20,,5,1
sh.513700,鹏华中证港股通医药卫生综合交易ETF,2021-08-06,,5,1
sh.513720,国泰中证港股通互联网ETF,2026-01-09,,5,1
sh.513730,华泰柏瑞南方东英新交所泛东南亚科技ETF(QDII),2023-12-01,,5,1
sh.513750,广发中证港股通非银ETF,2023-11-27,,5,1
sh.513770,华宝中证港股通互联网ETF,2022-02-18,,5,1
sh.513780,景顺长城中证港股通创新药ETF,2024-10-25,,5,1
sh.513800,南方顶峰TOPIX(ETF-QDII),2019-06-25,,5,1
sh.513810,华夏中证香港内地国有企业ETF(QDII),2023-09-01,,5,1
sh.513820,汇添富中证港股通高股息投资ETF,2024-05-16,,5,1
sh.513830,嘉实中证港股通高股息投资ETF,2025-03-07,,5,1
sh.513850,易方达MSCI美国50ETF(QDII),2023-11-17,,5,1
sh.513860,海富通中证港股通科技ETF,2021-07-02,,5,1
sh.513870,富国纳斯达克100ETF(QDII),2023-11-02,,5,1
sh.513880,华安日经225ETF(QDII),2019-06-25,,5,1
sh.513890,摩根恒生科技ETF(QDII),2022-01-21,,5,1
sh.513900,华安CES港股通精选100ETF,2018-05-25,,5,1
sh.513910,华夏中证港股通央企红利ETF,2024-03-04,,5,1
sh.513920,华安恒生港股通中国央企红利ETF,2024-01-05,,5,1
sh.513930,华泰柏瑞恒生生物科技ETF,2026-03-18,,5,1
sh.513950,富国恒生港股通红利低波动ETF(QDII),2023-04-28,,5,1
sh.513970,景顺长城恒生消费ETF(QDII),2023-04-21,,5,1
sh.513980,景顺长城中证港股通科技ETF,2021-07-02,,5,1
sh.513990,招商上证港股通ETF,2020-08-18,,5,1
sh.515000,华宝中证科技龙头ETF,2019-08-16,,5,1
sh.515010,华夏中证全指证券公司ETF,2019-11-07,,5,1
sh.515020,华夏中证银行ETF,2019-12-03,,5,1
sh.515030,华夏中证新能源汽车ETF,2020-03-04,,5,1
sh.515040,华夏中证工业有色金属主题ETF,2026-07-17,,5,1
sh.515050,华夏中证5G通信主题ETF,2019-10-16,,5,1
sh.515060,华夏中证全指房地产ETF,2020-01-03,,5,1
sh.515070,华夏中证人工智能主题ETF,2019-12-24,,5,1
sh.515080,招商中证红利ETF,2019-12-27,,5,1
sh.515090,博时可持续发展100ETF,2020-02-20,,5,1
sh.515100,景顺长城中证红利低波动100ETF,2020-07-03,,5,1
sh.515110,易方达中证国企一带一路ETF,2020-01-15,,5,1
sh.515120,广发中证创新药产业ETF,2021-01-04,,5,1
sh.515130,博时沪深300ETF,2020-05-11,,5,1
sh.515150,富国中证国企一带一路ETF,2020-01-15,,5,1
sh.515160,招商MSCI中国A股国际通ETF,2020-03-02,,5,1
sh.515170,华夏中证细分食品饮料产业主题ETF,2021-01-13,,5,1
sh.515180,易方达中证红利ETF,2019-12-20,,5,1
sh.515190,中银证券中证500ETF,2020-05-27,,5,1
sh.515200,申万菱信中证研发创新100ETF,2019-11-15,,5,1
sh.515210,国泰中证钢铁ETF,2020-03-02,,5,1
sh.515220,国泰中证煤炭ETF,2020-03-02,,5,1
sh.515230,国泰中证全指软件ETF,2021-03-02,,5,1
sh.515250,富国中证智能汽车主题ETF,2021-01-08,,5,1
sh.515260,华宝中证电子50ETF,2020-07-31,,5,1
sh.515290,天弘中证银行ETF,2020-12-28,,5,1
sh.515300,嘉实沪深300红利低波动ETF,2019-09-19,,5,1
sh.515310,添富沪深300ETF,2019-12-25,,5,1
sh.515320,华安中证电子50ETF,2021-01-08,,5,1
sh.515330,天弘沪深300ETF,2019-12-26,,5,1
sh.515350,民生加银沪深300ETF,2020-02-07,,5,1
sh.515360,方正富邦沪深300ETF,2019-11-01,,5,1
sh.515370,华夏中证光伏产业ETF,2025-11-18,,5,1
sh.515380,泰康沪深300ETF,2020-03-23,,5,1
sh.515390,华安沪深300ETF,2020-01-10,,5,1
sh.515400,富国中证大数据产业ETF,2021-01-20,,5,1
sh.515440,南方中证A股ETF,2026-09-10,,5,1
sh.515450,南方标普中国A股大盘红利低波50ETF,2020-02-26,,5,1
sh.515460,南方中证全指红利质量ETF,2026-03-16,,5,1
sh.515470,南方中证人工智能主题ETF,2026-09-24,,5,1
sh.515480,南方中证红利低波动100ETF,2026-07-06,,5,1
sh.515530,泰康中证500ETF,2020-11-09,,5,1
sh.515550,国联中证500ETF,2019-12-25,,5,1
sh.515560,建信中证全指证券公司ETF,2020-07-20,,5,1
sh.515580,华泰柏瑞中证科技100ETF,2019-10-28,,5,1
sh.515590,前海开源中证500等权ETF,2020-01-20,,5,1
sh.515600,广发中证央企创新驱动ETF,2019-12-18,,5,1
sh.515630,鹏华中证800证保ETF,2020-04-03,,5,1
sh.515640,华夏中证全指家用电器ETF,2026-04-24,,5,1
sh.515650,富国中证消费50ETF,2019-11-11,,5,1
sh.515660,国联安沪深300ETF,2019-12-24,,5,1
sh.515680,嘉实央企创新驱动ETF,2019-12-18,,5,1
sh.515700,平安中证新能源汽车产业ETF,2020-02-10,,5,1
sh.515710,华宝中证细分食品饮料产业主题ETF,2021-01-07,,5,1
sh.515720,富国中证金融科技主题ETF,2025-10-09,,5,1
sh.515730,永赢中证家居家电ETF,2025-11-25,,5,1
sh.515750,富国中证科技50策略ETF,2019-12-06,,5,1
sh.515760,华夏中证浙江国资创新发展ETF,2020-10-12,,5,1
sh.515770,摩根MSCI中国A股ETF,2020-06-19,,5,1
sh.515790,华泰柏瑞中证光伏产业ETF,2020-12-18,,5,1
sh.515800,添富中证800ETF,2019-12-16,,5,1
sh.515810,易方达中证800ETF,2019-10-25,,5,1
sh.515840,南方中证全指食品ETF,2026-07-23,,5,1
sh.515850,富国中证全指证券公司ETF,2020-02-21,,5,1
sh.515860,嘉实新兴科技100ETF,2019-10-22,,5,1
sh.515880,国泰中证全指通信设备ETF,2019-09-06,,5,1
sh.515890,博时中证红利ETF,2020-04-20,,5,1
sh.515900,博时央企创新驱动ETF,2019-12-18,,5,1
sh.515910,中金MSCI中国A股国际质量ETF,2021-02-26,,5,1
sh.515920,博时智能消费ETF,2021-01-20,,5,1
sh.515940,南方恒生A股电网设备ETF,2026-09-17,,5,1
sh.515950,富国中证医药50ETF,2020-04-01,,5,1
sh.515960,嘉实医药健康100ETF,2020-06-10,,5,1
sh.515970,华夏中证工程机械主题ETF,2026-02-12,,5,1
sh.515980,华富中证人工智能产业ETF,2020-02-10,,5,1
sh.515990,添富中证国企一带一路ETF,2020-01-15,,5,1
sh.516000,华夏中证大数据产业ETF,2021-03-01,,5,1
sh.516010,国泰中证动漫游戏ETF,2021-03-05,,5,1
sh.516020,华宝化工ETF,2021-03-08,,5,1
sh.516040,华夏沪深300自由现金流ETF,2026-09-18,,5,1
sh.516050,工银中证科技龙头ETF,2021-02-05,,5,1
sh.516060,工银瑞信中证创新药产业ETF,2021-03-01,,5,1
sh.516070,易方达中证内地低碳经济主题ETF,2021-04-23,,5,1
sh.516080,易方达中证创新药产业ETF,2021-02-23,,5,1
sh.516090,易方达中证新能源ETF,2021-03-19,,5,1
sh.516100,华夏中证金融科技主题ETF,2021-07-23,,5,1
sh.516110,国泰中证800汽车与零部件ETF,2021-05-07,,5,1
sh.516120,富国中证细分化工产业主题ETF,2021-03-09,,5,1
sh.516130,华宝中证消费龙头ETF,2021-10-13,,5,1
sh.516150,嘉实中证稀土产业ETF,2021-03-17,,5,1
sh.516160,南方中证新能源ETF,2021-02-04,,5,1
sh.516180,平安中证光伏产业ETF,2021-03-03,,5,1
sh.516190,华夏中证文娱传媒ETF,2021-09-17,,5,1
sh.516200,华安中证全指证券公司ETF,2021-03-22,,5,1
sh.516210,华安中证银行ETF,2021-09-24,,5,1
sh.516220,国泰中证细分化工产业主题ETF,2021-03-10,,5,1
sh.516230,招商中证光伏产业ETF,2026-02-03,,5,1
sh.516250,富国中证工程机械主题ETF,2025-12-22,,5,1
sh.516260,华夏中证物联网主题ETF,2021-08-02,,5,1
sh.516270,华安中证内地新能源主题ETF,2021-07-23,,5,1
sh.516290,汇添富中证光伏产业ETF,2021-08-23,,5,1
sh.516300,华泰柏瑞中证1000ETF,2021-03-24,,5,1
sh.516310,易方达中证银行ETF,2021-05-28,,5,1
sh.516320,华夏中证装备产业ETF,2021-06-08,,5,1
sh.516330,华泰柏瑞中证物联网主题ETF,2021-04-09,,5,1
sh.516350,易方达中证芯片产业ETF,2021-12-23,,5,1
sh.516360,华宝新材料ETF,2021-05-13,,5,1
sh.516370,汇添富中证全指电力公用事业ETF,2026-04-03,,5,1
sh.516380,华宝智能电动汽车ETF,2021-06-18,,5,1
sh.516390,汇添富中证新能源汽车产业ETF,2021-06-18,,5,1
sh.516440,南方中证工程机械主题ETF,2026-07-09,,5,1
sh.516460,鹏华中证800自由现金流ETF,2025-04-28,,5,1
sh.516500,华夏中证生物科技主题ETF,2021-03-17,,5,1
sh.516510,易方达中证云计算与大数据主题ETF,2021-04-07,,5,1
sh.516520,华泰柏瑞中证智能汽车主题ETF,2021-03-01,,5,1
sh.516530,银华中证现代物流ETF,2022-01-17,,5,1
sh.516550,嘉实中证大农业ETF,2021-04-08,,5,1
sh.516560,华宝中证养老产业ETF,2021-09-16,,5,1
sh.516570,易方达中证石化产业ETF,2021-06-18,,5,1
sh.516580,博时中证新能源ETF,2021-07-26,,5,1
sh.516590,易方达中证智能电动汽车ETF,2021-05-12,,5,1
sh.516600,工银瑞信中证消费服务领先ETF,2021-02-26,,5,1
sh.516610,大成中证全指医疗保健设备与服务ETF,2021-05-13,,5,1
sh.516620,国泰中证影视主题ETF,2021-11-05,,5,1
sh.516630,华夏中证云计算与大数据主题ETF,2021-09-03,,5,1
sh.516640,富国中证芯片产业ETF,2021-08-27,,5,1
sh.516650,华夏中证细分有色金属产业主题ETF,2021-06-21,,5,1
sh.516660,华安中证新能源汽车ETF,2021-02-26,,5,1
sh.516670,招商中证畜牧养殖ETF,2021-03-26,,5,1
sh.516700,华宝大数据ETF,2021-05-19,,5,1
sh.516710,华夏中证新材料主题ETF,2021-08-17,,5,1
sh.516720,浦银中证ESG120策略ETF,2021-08-13,,5,1
sh.516730,浦银中证证券公司30ETF,2021-11-12,,5,1
sh.516750,富国中证全指建筑材料ETF,2021-11-05,,5,1
sh.516760,平安中证畜牧养殖ETF,2021-03-12,,5,1
sh.516770,华泰柏瑞中证动漫游戏ETF,2021-03-05,,5,1
sh.516780,华泰柏瑞中证稀土产业ETF,2021-03-08,,5,1
sh.516790,华泰柏瑞中证全指医疗保健设备与服务ETF,2021-08-23,,5,1
sh.516800,华宝中证智能制造ETF,2021-02-19,,5,1
sh.516810,华夏中证农业主题ETF,2022-01-11,,5,1
sh.516820,平安中证医药及医疗器械创新ETF,2021-07-01,,5,1
sh.516830,富国沪深300ESG基准ETF,2021-07-05,,5,1
sh.516840,南方中证全指汽车ETF,2026-05-13,,5,1
sh.516850,华夏中证新能源ETF,2021-03-19,,5,1
sh.516860,博时金融科技ETF,2021-10-11,,5,1
sh.516880,银华中证光伏产业ETF,2021-01-18,,5,1
sh.516890,平安中证新材料主题ETF,2021-07-28,,5,1
sh.516900,华安中证申万食品饮料ETF,2021-04-28,,5,1
sh.516910,富国中证现代物流ETF,2021-06-11,,5,1
sh.516920,汇添富中证芯片产业ETF,2021-08-16,,5,1
sh.516930,民生加银中证生物科技主题ETF,2021-08-18,,5,1
sh.516950,银华中证基建ETF,2021-05-14,,5,1
sh.516960,国泰中证细分机械设备产业主题ETF,2021-05-07,,5,1
sh.516970,广发中证基建工程ETF,2021-07-05,,5,1
sh.516980,华富中证证券公司先锋策略ETF,2021-06-24,,5,1
sh.517000,银华中证沪港深500ETF,2021-03-05,,5,1
sh.517010,易方达中证沪港深500ETF,2021-08-12,,5,1
sh.517030,易方达中证沪港深300ETF,2021-09-27,,5,1
sh.517050,华泰柏瑞中证沪港深互联网ETF,2021-02-08,,5,1
sh.517080,汇添富中证沪港深500ETF,2021-02-22,,5,1
sh.517090,国泰富时中国国企开放共赢ETF,2021-12-28,,5,1
sh.517100,富国中证沪港深500ETF,2021-03-02,,5,1
sh.517110,国泰中证沪港深创新药产业ETF,2021-09-30,,5,1
sh.517120,华泰柏瑞中证沪港深创新药产业ETF,2021-07-19,,5,1
sh.517130,嘉实中证沪港深云计算产业ETF,2026-06-01,,5,1
sh.517160,南方中证长江保护主题ETF,2022-01-05,,5,1
sh.517170,华夏中证沪港深500ETF,2021-04-20,,5,1
sh.517180,南方富时中国国企开放共赢ETF,2021-12-28,,5,1
sh.517200,嘉实中证沪港深互联网ETF,2021-02-08,,5,1
sh.517230,永赢中证沪港深云计算产业ETF,2026-08-20,,5,1
sh.517300,国寿安保中证沪港深300ETF,2021-02-24,,5,1
sh.517330,易方达中证长江保护主题ETF,2022-01-05,,5,1
sh.517350,广发中证沪港深科技龙头ETF,2021-06-03,,5,1
sh.517360,华安中证沪港深科技100ETF,2021-07-05,,5,1
sh.517380,天弘恒生沪深港创新药精选50ETF,2021-08-09,,5,1
sh.517390,天弘中证沪港深云计算产业ETF,2021-12-23,,5,1
sh.517400,国泰中证沪深港黄金产业股票ETF,2024-05-08,,5,1
sh.517520,永赢中证沪深港黄金产业股票ETF,2023-11-01,,5,1
sh.517550,招商中证沪港深消费龙头ETF,2022-02-08,,5,1
sh.517660,天弘中证沪港深物联网主题ETF,2021-10-25,,5,1
sh.517770,浦银中证沪港深游戏及文化传媒ETF,2021-12-03,,5,1
sh.517800,方正富邦中证沪港深人工智能50ETF,2021-08-26,,5,1
sh.517850,汇添富中证沪港深张江自主创新50ETF,2022-05-16,,5,1
sh.517880,华泰柏瑞中证沪港深品牌消费50ETF,2021-12-01,,5,1
sh.517900,招商中证银行AH价格优选ETF,2022-03-25,,5,1
sh.517950,交银中证智选沪深港科技50ETF,2025-12-18,,5,1
sh.517990,招商中证沪港深500医药卫生ETF,2022-05-19,,5,1
sh.518600,广发上海金ETF,2020-08-05,,5,1
sh.518660,工银瑞信黄金ETF,2020-05-29,,5,1
sh.518680,富国上海金ETF,2020-07-28,,5,1
sh.518800,国泰黄金ETF,2013-07-29,,5,1
sh.518850,华夏黄金ETF,2020-06-05,,5,1
sh.518860,建信上海金ETF,2020-09-07,,5,1
sh.518880,华安黄金ETF,2013-07-29,,5,1
sh.518890,中银上海金ETF,2020-09-28,,5,1
sh.520500,华泰柏瑞恒生创新药ETF(QDII),2024-12-27,,5,1
sh.520510,华夏中证港股通医疗主题ETF,2025-08-07,,5,1
sh.520520,华泰柏瑞恒生消费ETF(QDII),2024-11-01,,5,1
sh.520530,港股通科技ETF东财,2025-12-08,,5,1
sh.520550,招商恒生港股通红利低波动ETF,2025-01-24,,5,1
sh.520560,华宝港股通恒生中国(香港上市)30ETF,2025-10-13,,5,1
sh.520570,南方恒生科技ETF(QDII),2025-11-17,,5,1
sh.520580,招商利安新兴亚洲精选ETF(QDII),2025-02-20,,5,1
sh.520590,鹏华恒生科技ETF(QDII),2025-12-01,,5,1
sh.520600,广发中证港股通汽车ETF,2024-12-30,,5,1
sh.520610,银华标普港股通低波红利ETF,2026-02-09,,5,1
sh.520620,嘉实恒生消费ETF,2025-08-19,,5,1
sh.520630,广发中证港股通互联网ETF,2025-12-22,,5,1
sh.520650,南方中证港股通互联网ETF,2025-11-10,,5,1
sh.520660,南方中证国新港股通央企红利ETF,2024-07-10,,5,1
sh.520670,嘉实恒生港股通科技主题ETF,2025-08-19,,5,1
sh.520680,南方中证港股通汽车产业主题ETF,2026-03-26,,5,1
sh.520690,博时恒生港股通创新药精选ETF,2025-08-01,,5,1
sh.520700,万家中证港股通创新药ETF,2024-10-14,,5,1
sh.520710,广发中证港股通信息技术综合ETF,2026-06-01,,5,1
sh.520720,国泰中证港股通汽车产业主题ETF,2025-09-25,,5,1
sh.520730,万家恒生港股通汽车主题ETF,2026-05-15,,5,1
sh.520740,华安中证港股通互联网ETF,2026-08-10,,5,1
sh.520750,华富中证港股通信息技术综合ETF,2026-07-10,,5,1
sh.520760,摩根恒生生物科技ETF,2026-03-02,,5,1
sh.520770,建信恒指港股通ETF,2026-01-26,,5,1
sh.520780,华宝中证港股通汽车产业主题ETF,2025-12-29,,5,1
sh.520790,兴业中证港股通互联网ETF,2026-03-30,,5,1
sh.520810,易方达中证港股通高股息投资ETF,2026-01-12,,5,1
sh.520820,汇添富恒指港股通ETF,2025-12-15,,5,1
sh.520830,华泰柏瑞南方东英沙特阿拉伯ETF(QDII),2024-07-16,,5,1
sh.520840,华安恒生港股通科技主题ETF,2025-08-25,,5,1
sh.520850,易方达中证港股通医疗主题ETF,2026-01-19,,5,1
sh.520860,富国中证港股通科技ETF,2025-07-25,,5,1
sh.520870,易方达伊塔乌巴西IBOVESPAETF(QDII),2025-11-13,,5,1
sh.520880,华宝恒生港股通创新药精选ETF,2025-07-07,,5,1
sh.520890,华泰柏瑞恒生港股通红利低波动ETF,2024-09-20,,5,1
sh.520900,广发中证国新港股通央企红利ETF,2024-07-10,,5,1
sh.520910,华夏中证港股通互联网ETF,2026-02-02,,5,1
sh.520920,天弘恒生科技ETF,2025-09-30,,5,1
sh.520930,国泰恒生生物科技ETF,2026-02-24,,5,1
sh.520940,华安恒指港股通ETF,2025-06-09,,5,1
sh.520950,摩根恒生港股通50ETF,2025-11-25,,5,1
sh.520960,嘉实恒指港股通ETF,2025-10-31,,5,1
sh.520970,嘉实中证港股通创新药ETF,2025-08-07,,5,1
sh.520980,汇添富恒生港股通中国科技ETF,2025-07-02,,5,1
sh.520990,景顺长城中证国新港股通央企红利ETF,2024-07-10,,5,1
sh.526000,华夏中证港股通信息技术综合ETF,2026-04-10,,5,1
sh.526010,汇添富中证港股通医疗主题ETF,2026-04-17,,5,1
sh.526030,汇添富中证港股通信息技术综合ETF,2026-06-26,,5,1
sh.526050,招商中证港股通信息技术综合ETF,2026-04-30,,5,1
sh.526060,华泰柏瑞中证港股通信息技术综合ETF,2026-09-04,,5,1
sh.526070,博时恒指港股通ETF,2026-05-29,,5,1
sh.530000,天弘上证50ETF,2024-09-13,,5,1
sh.530050,上证50ETF东财,2024-12-04,,5,1
sh.530060,易方达上证综合ETF,2026-02-10,,5,1
sh.530080,天弘上证180ETF,2025-01-23,,5,1
sh.530100,易方达上证580ETF,2025-10-22,,5,1
sh.530180,易方达上证180ETF,2024-12-26,,5,1
sh.530280,平安上证180ETF,2025-01-24,,5,1
sh.530300,华泰柏瑞上证180ETF,2025-01-10,,5,1
sh.530380,易方达上证380ETF,2025-09-30,,5,1
sh.530530,华夏上证580ETF,2025-08-29,,5,1
sh.530580,南方上证180ETF,2025-01-08,,5,1
sh.530680,兴业上证180ETF,2025-01-08,,5,1
sh.530800,银华上证180ETF,2025-01-27,,5,1
sh.530880,银河上证国有企业红利ETF,2024-11-12,,5,1
sh.551000,博时上证AAA科创债ETF,2025-07-17,,5,1
sh.551030,鹏华上证AAA科创债ETF,2025-07-17,,5,1
sh.551060,中银上证AAA科创债ETF,2025-09-24,,5,1
sh.551300,摩根上证AAA科技创新公司债ETF,2025-09-24,,5,1
sh.551500,易方达中证AAA科技创新公司债ETF,2025-07-17,,5,1
sh.551510,华泰柏瑞中证AAA科技创新公司债ETF,2025-09-24,,5,1
sh.551520,汇添富中证AAA科创债ETF,2025-09-24,,5,1
sh.551550,华夏中证AAA科技创新公司债ETF,2025-07-17,,5,1
sh.551560,兴业中证AAA科技创新公司债ETF,2025-09-24,,5,1
sh.551580,泰康中证AAA科技创新公司债ETF,2025-09-24,,5,1
sh.551800,国泰中证AAA科技创新公司债ETF,2025-09-24,,5,1
sh.551900,招商中证AAA科技创新公司债ETF,2025-07-17,,5,1
sh.560000,浦银安盛中证智能电动汽车ETF,2021-09-30,,5,1
sh.560010,广发中证1000ETF,2022-08-04,,5,1
sh.560020,汇添富中证红利ETF,2023-10-16,,5,1
sh.560030,汇添富中证800价值ETF,2023-07-10,,5,1
sh.560050,汇添富MSCI中国A50互联互通ETF,2021-11-08,,5,1
sh.560060,汇添富中证上海环交所碳中和ETF,2022-07-21,,5,1
sh.560070,汇添富中证国新央企股东回报ETF,2023-06-06,,5,1
sh.560080,汇添富中证中药ETF,2022-10-17,,5,1
sh.560090,汇添富中证全指证券公司ETF,2023-03-15,,5,1
sh.560100,南方中证500增强策略ETF,2022-02-16,,5,1
sh.560110,汇添富中证1000ETF,2022-08-08,,5,1
sh.560120,华夏中证500自由现金流ETF,2025-08-05,,5,1
sh.560130,鹏华中证全指食品ETF,2026-01-13,,5,1
sh.560150,泰康中证红利低波动ETF,2024-04-08,,5,1
sh.560160,易方达中证全指食品ETF,2026-01-27,,5,1
sh.560170,南方中证国新央企科技引领ETF,2023-07-06,,5,1
sh.560180,南方沪深300ESG基准ETF,2023-04-21,,5,1
sh.560190,鹏华中证全指公用事业ETF,2025-01-06,,5,1
sh.560210,景顺长城农牧渔ETF,2026-03-20,,5,1
sh.560220,广发中证2000ETF,2023-09-18,,5,1
sh.560230,富国中证光伏产业ETF,2026-02-06,,5,1
sh.560250,富国中证全指红利质量ETF,2026-05-22,,5,1
sh.560260,广发中证医疗ETF,2023-09-15,,5,1
sh.560270,工银瑞信中证全指电力公用事业ETF,2026-03-06,,5,1
sh.560280,广发中证工程机械主题ETF,2023-10-30,,5,1
sh.560290,景顺长城中证有色金属矿业主题ETF,2026-02-06,,5,1
sh.560300,汇添富中证电信主题ETF,2023-12-18,,5,1
sh.560310,博时中证光伏产业ETF,2026-03-02,,5,1
sh.560320,富国中证全指食品ETF,2026-05-13,,5,1
sh.560330,申万菱信沪深300价值ETF,2023-05-23,,5,1
sh.560350,摩根中证A50ETF,2024-03-12,,5,1
sh.560360,万家中证软件服务ETF,2024-06-24,,5,1
sh.560370,易方达中证全指红利质量ETF,2026-02-26,,5,1
sh.560380,南方中证A100ETF,2024-12-27,,5,1
sh.560390,易方达恒生A股电网设备ETF,2026-03-04,,5,1
sh.560400,华泰柏瑞中证全指证券公司ETF,2026-03-19,,5,1
sh.560410,鹏华中证电池主题ETF,2026-04-17,,5,1
sh.560420,前海开源中证全指食品ETF,2026-05-19,,5,1
sh.560450,天弘中证全指电力公用事业ETF,2026-04-30,,5,1
sh.560460,平安中证全指电力公用事业ETF,2026-05-15,,5,1
sh.560470,易方达中证细分有色金属产业主题ETF,2026-04-30,,5,1
sh.560480,招商中证全指电力公用事业ETF,2026-05-26,,5,1
sh.560490,华泰柏瑞中证工业有色金属主题ETF,2026-05-26,,5,1
sh.560500,鹏扬中证500质量成长ETF,2021-09-01,,5,1
sh.560510,泰康中证A500ETF,2024-10-15,,5,1
sh.560520,大成中证红利低波动100ETF,2024-04-18,,5,1
sh.560530,摩根中证A500ETF,2024-10-15,,5,1
sh.560550,广发中证上海环交所碳中和ETF,2022-07-19,,5,1
sh.560560,泰康中证内地低碳经济ETF,2021-09-13,,5,1
sh.560570,国联安中证A500红利低波ETF,2025-09-18,,5,1
sh.560580,南方中证全指电力公用事业ETF,2023-05-12,,5,1
sh.560590,鹏华中证1000增强策略ETF,2023-09-25,,5,1
sh.560610,招商中证A500ETF,2024-10-15,,5,1
sh.560620,万家中证全指公用事业ETF,2024-10-09,,5,1
sh.560630,万家中证机器人ETF,2025-04-01,,5,1
sh.560650,民生加银中证企业核心竞争力50ETF,2022-06-27,,5,1
sh.560660,新华中证云计算50ETF,2021-08-25,,5,1
sh.560670,华泰柏瑞中证银行ETF,2026-06-08,,5,1
sh.560680,广发中证主要消费ETF,2022-10-31,,5,1
sh.560690,鹏华中证电信主题ETF,2024-04-22,,5,1
sh.560700,广发中证国新央企股东回报ETF,2023-06-06,,5,1
sh.560710,富国中证智选船舶产业ETF,2026-02-06,,5,1
sh.560720,工银瑞信中证红利低波100ETF,2026-06-05,,5,1
sh.560730,国泰海通中证红利低波动ETF,2026-07-16,,5,1
sh.560750,申万菱信中证A500ETF,2025-02-07,,5,1
sh.560770,招商中证机器人ETF,2025-09-01,,5,1
sh.560780,广发中证半导体材料设备主题ETF,2023-12-12,,5,1
sh.560790,鹏华中证软件服务ETF,2026-05-25,,5,1
sh.560800,鹏扬中证数字经济主题ETF,2022-01-07,,5,1
sh.560810,融通中证诚通央企ESGETF,2024-12-09,,5,1
sh.560820,新华中证A50ETF,2025-04-18,,5,1
sh.560830,华夏中证全指电力公用事业ETF,2026-05-26,,5,1
sh.560850,汇添富中证信息技术应用创新产业ETF,2024-04-15,,5,1
sh.560860,万家中证工业有色金属主题ETF,2023-03-13,,5,1
sh.560870,中银中证工业有色金属主题ETF,2026-05-25,,5,1
sh.560880,广发中证全指家用电器ETF,2022-04-12,,5,1
sh.560890,新华中证红利低波动ETF,2024-09-20,,5,1
sh.560900,摩根中证创新药产业ETF,2022-06-02,,5,1
sh.560910,华泰柏瑞中证电池主题ETF,2026-05-21,,5,1
sh.560920,招商中证工程机械主题ETF,2026-07-03,,5,1
sh.560930,易方达中证全指电力公用事业ETF,2026-05-14,,5,1
sh.560950,汇添富中证500增强策略ETF,2023-07-31,,5,1
sh.560970,平安中证工业有色金属主题ETF,2026-06-08,,5,1
sh.560980,广发中证光伏龙头30ETF,2022-11-29,,5,1
sh.560990,中金科技先锋ETF,2022-06-27,,5,1
sh.561000,华安沪深300增强策略ETF,2023-01-11,,5,1
sh.561010,华安中证全指软件开发ETF,2023-12-11,,5,1
sh.561020,招商中证全指食品ETF,2026-08-04,,5,1
sh.561030,华泰柏瑞中证工程机械主题ETF,2026-05-29,,5,1
sh.561050,易方达中证稀有金属主题ETF,2026-05-22,,5,1
sh.561060,华安中证国有企业红利ETF,2023-09-21,,5,1
sh.561080,华安中证全指自由现金流ETF,2025-04-30,,5,1
sh.561090,华安中证A500增强策略ETF,2025-07-02,,5,1
sh.561100,富国中证消费电子主题ETF,2022-02-08,,5,1
sh.561120,富国中证全指家用电器ETF,2022-02-15,,5,1
sh.561130,富国中证新华社民族品牌工程ETF,2021-10-18,,5,1
sh.561160,富国中证电池主题ETF,2022-07-08,,5,1
sh.561170,富国中证绿色电力ETF,2023-03-16,,5,1
sh.561180,富国中证A100ETF,2022-11-21,,5,1
sh.561190,富国中证上海环交所碳中和ETF,2022-07-19,,5,1
sh.561200,工银中证A100ETF,2024-01-05,,5,1
sh.561220,工银瑞信中证诚通国企数字经济ETF,2025-05-30,,5,1
sh.561230,工银瑞信中证A50ETF,2024-03-18,,5,1
sh.561250,鹏华中证稀有金属主题ETF,2026-07-22,,5,1
sh.561260,工银瑞信中证国新央企现代能源ETF,2023-08-09,,5,1
sh.561280,工银中证1000增强策略ETF,2023-09-22,,5,1
sh.561300,国泰沪深300增强策略ETF,2021-12-10,,5,1
sh.561310,国泰中证消费电子主题ETF,2021-11-25,,5,1
sh.561320,国泰中证内地运输主题ETF,2022-12-08,,5,1
sh.561330,国泰中证有色金属矿业主题ETF,2022-11-01,,5,1
sh.561350,国泰中证500ETF,2021-09-01,,5,1
sh.561360,国泰中证油气产业ETF,2023-10-31,,5,1
sh.561370,国泰中证2000ETF,2023-09-21,,5,1
sh.561380,国泰恒生A股电网设备ETF,2024-12-23,,5,1
sh.561390,平安中证稀有金属主题ETF,2026-08-17,,5,1
sh.561400,鑫元中证畜牧养殖产业ETF,2026-08-03,,5,1
sh.561410,工银瑞信中证光伏产业ETF,2026-08-24,,5,1
sh.561420,汇添富沪深300自由现金流ETF,2026-07-08,,5,1
sh.561430,博时中证全指红利质量ETF,2026-06-30,,5,1
sh.561450,华泰柏瑞标普中国A股大盘红利低波50ETF,2026-08-03,,5,1
sh.561460,天弘中证人工智能主题ETF,2026-07-03,,5,1
sh.561470,天弘中证畜牧养殖产业ETF,2026-07-09,,5,1
sh.561490,财通资管中证全指红利质量ETF,2026-07-31,,5,1
sh.561500,华泰柏瑞中证企业核心竞争力50ETF,2021-06-28,,5,1
sh.561510,华泰柏瑞中证中药ETF,2022-08-04,,5,1
sh.561530,银华中证银行ETF,2026-09-03,,5,1
sh.561550,华泰柏瑞中证500增强策略ETF,2021-12-10,,5,1
sh.561560,华泰柏瑞中证全指电力公用事业ETF,2022-05-16,,5,1
sh.561570,华泰柏瑞中证油气产业ETF,2024-10-17,,5,1
sh.561580,华泰柏瑞中证中央企业红利ETF,2023-05-30,,5,1
sh.561590,华泰柏瑞中证1000增强策略ETF,2022-12-12,,5,1
sh.561600,平安中证消费电子主题ETF,2021-09-09,,5,1
sh.561610,鑫元中证绿色电力ETF,2026-09-16,,5,1
sh.561620,华泰柏瑞中证细分化工产业主题ETF,2026-08-05,,5,1
sh.561630,华泰柏瑞中证全指红利质量ETF,2026-07-22,,5,1
sh.561660,平安中证通用航空主题ETF,2025-11-10,,5,1
sh.561680,平安中证A500红利低波动ETF,2025-09-05,,5,1
sh.561690,农银沪深300质量ETF,2026-09-07,,5,1
sh.561700,博时中证全指电力公用事业ETF,2022-07-15,,5,1
sh.561730,华夏中证A股ETF,2026-08-28,,5,1
sh.561750,博时中证A50ETF,2025-05-30,,5,1
sh.561760,博时中证油气资源ETF,2024-04-29,,5,1
sh.561770,博时中证A100ETF,2025-06-24,,5,1
sh.561780,博时中证1000增强策略ETF,2023-11-10,,5,1
sh.561790,博时中证国新央企现代能源ETF,2023-08-09,,5,1
sh.561800,华富中证稀有金属主题ETF,2021-08-24,,5,1
sh.561810,华泰柏瑞中证全指医疗器械ETF,2026-08-07,,5,1
sh.561830,国泰海通中证有色金属矿业主题ETF,2026-09-02,,5,1
sh.561870,华富中证全指自由现金流ETF,2025-05-09,,5,1
sh.561880,华富中证A100ETF,2025-01-24,,5,1
sh.561890,易方达中证A股ETF,2026-08-07,,5,1
sh.561900,招商沪深300ESG基准ETF,2021-07-15,,5,1
sh.561910,招商中证电池主题ETF,2021-08-12,,5,1
sh.561920,招商中证疫苗与生物技术ETF,2023-03-29,,5,1
sh.561930,招商沪深300ETF,2024-09-20,,5,1
sh.561950,招商中证500增强策略ETF,2023-04-24,,5,1
sh.561960,招商中证国新央企股东回报ETF,2023-06-06,,5,1
sh.561980,招商中证半导体产业ETF,2023-09-01,,5,1
sh.561990,招商沪深300增强策略ETF,2021-12-10,,5,1
sh.562000,华宝中证A100ETF,2022-08-01,,5,1
sh.562010,华宝中证绿色能源ETF,2023-01-03,,5,1
sh.562030,华宝中证信息技术应用创新产业ETF,2023-10-12,,5,1
sh.562050,华宝中证制药ETF,2025-06-19,,5,1
sh.562060,华宝标普中国A股红利机会ETF,2023-12-28,,5,1
sh.562070,华宝沪深300增强策略ETF,2025-12-25,,5,1
sh.562080,华宝沪深300自由现金流ETF,2025-04-15,,5,1
sh.562110,东方红中证云计算50ETF,2026-09-16,,5,1
sh.562150,鹏华中证全指红利质量ETF,2026-09-14,,5,1
sh.562170,易方达沪深300自由现金流ETF,2026-09-14,,5,1
sh.562180,招商中证A500红利低波动ETF,2026-09-01,,5,1
sh.562300,银华中证内地低碳经济主题ETF,2022-01-05,,5,1
sh.562310,银华沪深300成长ETF,2022-09-09,,5,1
sh.562320,银华沪深300价值ETF,2023-01-12,,5,1
sh.562330,银华中证500价值ETF,2023-04-18,,5,1
sh.562340,银华中证500质量成长ETF,2024-05-08,,5,1
sh.562350,银华中证全指电力公用事业ETF,2022-07-12,,5,1
sh.562360,银华中证机器人ETF,2021-10-15,,5,1
sh.562380,银华中证国新央企科技引领ETF,2023-07-06,,5,1
sh.562390,银华中证中药ETF,2022-07-28,,5,1
sh.562450,博时中证有色金属矿业主题ETF,2026-09-28,,5,1
sh.562500,华夏中证机器人ETF,2021-12-29,,5,1
sh.562510,华夏中证旅游主题ETF,2021-12-30,,5,1
sh.562520,华夏中证智选1000成长创新策略ETF,2022-03-22,,5,1
sh.562530,华夏中证智选1000价值稳健策略ETF,2022-08-12,,5,1
sh.562550,华夏中证绿色电力ETF,2023-03-27,,5,1
sh.562560,华夏中证全指信息技术ETF,2024-04-12,,5,1
sh.562570,华夏中证信息技术应用创新产业ETF,2024-04-30,,5,1
sh.562580,华夏中证全指可选消费ETF,2024-03-26,,5,1
sh.562590,华夏中证半导体材料设备主题ETF,2023-10-18,,5,1
sh.562600,华夏中证全指医疗器械ETF,2023-12-11,,5,1
sh.562660,华夏中证2000ETF,2023-09-14,,5,1
sh.562700,华夏中证汽车零部件主题ETF,2024-05-14,,5,1
sh.562800,嘉实中证稀有金属主题ETF,2021-09-27,,5,1
sh.562810,嘉实上证综合增强策略ETF,2025-03-13,,5,1
sh.562820,嘉实中证全指集成电路ETF,2024-04-22,,5,1
sh.562850,嘉实中证国新央企现代能源ETF,2023-08-09,,5,1
sh.562860,嘉实中证疫苗与生物技术ETF,2023-02-24,,5,1
sh.562870,嘉实中证全指证券公司ETF,2025-07-25,,5,1
sh.562880,嘉实中证电池主题ETF,2021-07-20,,5,1
sh.562890,嘉实中证A50ETF,2024-03-18,,5,1
sh.562900,易方达中证现代农业主题ETF,2021-12-13,,5,1
sh.562910,易方达中证装备产业ETF,2022-01-10,,5,1
sh.562920,易方达中证信息安全主题ETF,2023-06-12,,5,1
sh.562930,易方达中证软件服务ETF,2023-06-05,,5,1
sh.562950,易方达中证消费电子主题ETF,2022-01-20,,5,1
sh.562960,易方达中证绿色电力ETF,2023-04-12,,5,1
sh.562970,易方达中证光伏产业ETF,2024-11-07,,5,1
sh.562990,易方达中证上海环交所碳中和ETF,2022-07-19,,5,1
sh.563000,易方达MSCI中国A50互联互通ETF,2021-11-08,,5,1
sh.563010,易方达中证电信主题ETF,2023-07-13,,5,1
sh.563020,易方达中证红利低波动ETF,2023-12-14,,5,1
sh.563030,易方达中证500增强策略ETF,2023-03-13,,5,1
sh.563050,易方达中证国新央企科技引领ETF,2023-07-06,,5,1
sh.563060,易方达中证国资央企50ETF,2025-05-19,,5,1
sh.563080,易方达中证A50ETF,2024-03-18,,5,1
sh.563090,易方达上证50增强策略ETF,2024-06-06,,5,1
sh.563150,银华中证油气资源ETF,2024-05-30,,5,1
sh.563180,银华中证高股息策略ETF,2024-05-14,,5,1
sh.563200,富国中证2000ETF,2023-10-18,,5,1
sh.563210,富国恒生A股专精特新企业ETF,2025-01-24,,5,1
sh.563220,富国中证A500ETF,2024-10-15,,5,1
sh.563230,富国中证卫星产业ETF,2025-09-17,,5,1
sh.563280,富国MSCI中国A50互联互通增强策略ETF,2024-04-12,,5,1
sh.563300,华泰柏瑞中证2000ETF,2023-09-14,,5,1
sh.563320,华泰柏瑞中证通用航空主题ETF,2025-09-03,,5,1
sh.563330,华泰柏瑞中证A股ETF,2023-11-07,,5,1
sh.563350,华泰柏瑞中证A50ETF,2024-03-18,,5,1
sh.563360,华泰柏瑞中证A500ETF,2024-10-15,,5,1
sh.563380,华泰柏瑞中证全指航空航天ETF,2025-11-07,,5,1
sh.563390,华泰柏瑞中证全指自由现金流ETF,2025-04-30,,5,1
sh.563500,华宝中证A500ETF,2024-12-02,,5,1
sh.563510,易方达中证A500红利低波动ETF,2025-12-01,,5,1
sh.563520,沪深300ETF永赢,2024-11-18,,5,1
sh.563530,易方达中证卫星产业ETF,2025-11-14,,5,1
sh.563550,摩根中证A500增强策略ETF,2025-05-16,,5,1
sh.563560,兴业中证科技优势成长50策略ETF,2026-02-27,,5,1
sh.563570,兴业中证金融科技ETF,2025-11-11,,5,1
sh.563580,万家中证800自由现金流ETF,2025-07-25,,5,1
sh.563590,国寿安保中证A500红利低波动ETF,2025-11-05,,5,1
sh.563600,易方达中证A500增强策略ETF,2025-09-26,,5,1
sh.563620,兴业中证全指自由现金流ETF,2025-08-20,,5,1
sh.563630,国联安中证A500增强ETF,2025-07-01,,5,1
sh.563650,兴业中证A500ETF,2025-04-03,,5,1
sh.563660,银河中证A500ETF,2025-04-02,,5,1
sh.563670,鹏华中证金融科技主题ETF,2025-10-14,,5,1
sh.563680,汇添富中证800自由现金流ETF,2025-05-15,,5,1
sh.563690,永赢中证红利低波ETF,2025-10-10,,5,1
sh.563700,易方达中证红利价值ETF,2025-04-28,,5,1
sh.563750,汇添富中证500ETF,2025-10-30,,5,1
sh.563760,中银中证全指自由现金流ETF,2025-06-06,,5,1
sh.563770,招商中证全指自由现金流ETF,2025-05-16,,5,1
sh.563780,方正富邦中证全指自由现金流ETF,2025-05-13,,5,1
sh.563790,鹏华中证卫星产业ETF,2026-01-05,,5,1
sh.563800,广发中证A500ETF,2024-11-18,,5,1
sh.563830,博时中证全指自由现金流ETF,2025-05-22,,5,1
sh.563850,广发中证全指食品ETF,2025-12-19,,5,1
sh.563860,海富通中证A500ETF,2025-02-12,,5,1
sh.563870,鹏华中证通用航空主题ETF,2026-01-15,,5,1
sh.563880,汇添富中证A500ETF,2024-11-25,,5,1
sh.563890,创金合信中证国有企业红利ETF,2025-10-17,,5,1
sh.563900,摩根沪深300自由现金流ETF,2025-05-07,,5,1
sh.563930,招商上证综合增强策略ETF,2026-01-06,,5,1
sh.563960,兴全沪深300质量ETF,2026-01-08,,5,1
sh.563980,鑫元中证800红利低波动ETF,2025-11-07,,5,1
sh.563990,富国中证800自由现金流ETF,2025-04-24,,5,1
sh.588000,华夏上证科创板50成份ETF,2020-11-16,,5,1
sh.588010,博时上证科创板新材料ETF,2022-10-26,,5,1
sh.588020,易方达上证科创板成长ETF,2023-08-31,,5,1
sh.588030,博时上证科创板100ETF,2023-09-15,,5,1
sh.588040,鹏华科创板50ETF,2025-04-14,,5,1
sh.588050,工银瑞信上证科创板50成份ETF,2020-11-16,,5,1
sh.588060,广发上证科创板50成份ETF,2021-07-29,,5,1
sh.588070,万家上证科创板成长ETF,2024-11-14,,5,1
sh.588080,易方达上证科创板50ETF,2020-11-16,,5,1
sh.588090,华泰柏瑞上证科创板50成份ETF,2020-11-16,,5,1
sh.588100,嘉实上证科创板新一代信息技术ETF,2022-05-27,,5,1
sh.588110,广发上证科创板成长ETF,2023-08-31,,5,1
sh.588120,国泰上证科创板100ETF,2023-09-15,,5,1
sh.588130,华夏上证科创板生物医药ETF,2025-05-28,,5,1
sh.588140,广发上证科创200ETF,2025-10-15,,5,1
sh.588150,南方上证科创板50成份ETF,2021-12-20,,5,1
sh.588160,南方上证科创板新材料ETF,2022-10-26,,5,1
sh.588170,华夏上证科创板半导体材料设备主题ETF,2025-04-08,,5,1
sh.588180,国联安科创ETF,2021-07-01,,5,1
sh.588190,银华上证科创板100ETF,2023-09-15,,5,1
sh.588200,嘉实上证科创板芯片ETF,2022-10-26,,5,1
sh.588210,易方达上证科创板100ETF,2023-11-16,,5,1
sh.588220,鹏华上证科创板100ETF,2023-09-15,,5,1
sh.588230,华泰柏瑞上证科创板200ETF,2024-12-24,,5,1
sh.588240,鹏华上证科创板200ETF,2025-02-25,,5,1
sh.588250,鹏华上证科创板生物医药ETF,2025-03-21,,5,1
sh.588260,华安上证科创板新一代信息技术ETF,2022-05-27,,5,1
sh.588270,易方达上证科创板200ETF,2025-06-16,,5,1
sh.588280,华安上证科创板50ETF,2021-10-29,,5,1
sh.588290,华安上证科创板芯片ETF,2022-10-26,,5,1
sh.588300,招商中证科创创业50ETF,2021-07-05,,5,1
sh.588310,方正富邦中证科创创业50ETF,2021-12-02,,5,1
sh.588320,广发中证科创创业50增强策略ETF,2023-01-06,,5,1
sh.588330,华宝双创龙头ETF,2021-07-06,,5,1
sh.588350,鹏扬中证科创创业50ETF,2022-11-10,,5,1
sh.588360,国泰中证科创创业50ETF,2021-07-06,,5,1
sh.588370,南方上证科创板50成份增强策略ETF,2022-12-13,,5,1
sh.588380,富国中证科创创业50ETF,2021-07-06,,5,1
sh.588390,博时中证科创创业50ETF,2021-08-30,,5,1
sh.588400,嘉实中证科创创业50ETF,2021-07-05,,5,1
sh.588410,鹏华中证科创创业人工智能ETF,2026-01-05,,5,1
sh.588420,摩根中证科创创业人工智能ETF,2026-01-05,,5,1
sh.588430,工银瑞信中证科创创业人工智能ETF,2025-12-29,,5,1
sh.588450,招商上证科创板50成份增强策略ETF,2024-05-22,,5,1
sh.588460,鹏华上证科创板50成份增强策略ETF,2023-01-05,,5,1
sh.588470,华安中证科创创业人工智能ETF,2026-05-28,,5,1
sh.588480,中金中证科创创业人工智能ETF,2026-05-12,,5,1
sh.588500,易方达上证科创板100增强策略ETF,2024-07-19,,5,1
sh.588510,华夏中证科创创业人工智能ETF,2026-05-29,,5,1
sh.588520,永赢上证科创板综合价格增强策略ETF,2025-07-08,,5,1
sh.588530,中银证券中证科创创业人工智能ETF,2026-07-29,,5,1
sh.588550,易方达上证科创板综合增强策略ETF,2025-09-12,,5,1
sh.588660,兴银中证科创创业50ETF,2025-03-17,,5,1
sh.588670,嘉实上证科创板综合增强策略ETF,2025-06-13,,5,1
sh.588680,广发上证科创板100增强策略ETF,2024-07-05,,5,1
sh.588690,银华上证科创板综合增强策略ETF,2025-08-29,,5,1
sh.588700,嘉实上证科创板生物医药ETF,2024-01-05,,5,1
sh.588710,华泰柏瑞上证科创板半导体材料设备主题ETF,2025-06-04,,5,1
sh.588720,中银上证科创板50ETF,2025-04-15,,5,1
sh.588730,易方达上证科创板人工智能ETF,2025-01-24,,5,1
sh.588750,汇添富上证科创板芯片ETF,2024-12-26,,5,1
sh.588760,广发上证科创板人工智能ETF,2025-01-23,,5,1
sh.588770,摩根上证科创板新一代信息技术ETF,2025-03-24,,5,1
sh.588780,国联安科创芯片设计ETF,2024-12-26,,5,1
sh.588790,博时科创板人工智能ETF,2025-01-09,,5,1
sh.588800,华夏上证科创板100ETF,2023-11-16,,5,1
sh.588810,富国上证科创板芯片ETF,2025-01-09,,5,1
sh.588820,华夏上证科创板200ETF,2025-01-06,,5,1
sh.588830,鹏华上证科创板新能源ETF,2024-08-09,,5,1
sh.588840,万家上证科创板50成份ETF,2025-03-10,,5,1
sh.588850,嘉实上证科创板工业机械ETF,2025-04-24,,5,1
sh.588860,工银瑞信上证科创板生物医药ETF,2024-08-23,,5,1
sh.588870,汇添富上证科创板50成份ETF,2025-01-27,,5,1
sh.588880,华泰柏瑞上证科创板100ETF,2023-11-16,,5,1
sh.588890,南方上证科创板芯片ETF,2024-04-23,,5,1
sh.588900,南方上证科创板100ETF,2023-12-18,,5,1
sh.588910,建信上证智选科创板创新价值ETF,2025-04-07,,5,1
sh.588920,鹏华上证科创板芯片ETF,2025-07-28,,5,1
sh.588930,银华上证科创板人工智能ETF,2025-01-14,,5,1
sh.588940,富国上证科创板50成份ETF,2025-06-03,,5,1
sh.588950,景顺长城上证科创板50成份ETF,2025-01-24,,5,1
sh.588960,富国上证科创板新能源ETF,2025-02-19,,5,1
sh.588980,广发上证科创板100ETF,2025-08-01,,5,1
sh.588990,博时上证科创板芯片ETF,2024-08-16,,5,1
sh.589000,华夏上证科创板综合ETF,2025-03-05,,5,1
sh.589010,华夏上证科创板人工智能ETF,2025-04-09,,5,1
sh.589020,鹏华科创板半导体材料设备主题ETF,2025-09-04,,5,1
sh.589030,易方达上证科创板芯片设计主题ETF,2026-01-19,,5,1
sh.589050,兴业科创价格ETF,2025-08-18,,5,1
sh.589060,科创综指ETF东财,2025-03-27,,5,1
sh.589070,天弘上证科创板芯片设计主题ETF,2026-01-23,,5,1
sh.589080,汇添富上证科创板综合ETF,2025-03-05,,5,1
sh.589090,鹏华科创板人工智能ETF,2025-08-27,,5,1
sh.589100,国泰上证科创板芯片ETF,2025-04-07,,5,1
sh.589110,国泰上证科创板人工智能ETF,2025-10-15,,5,1
sh.589120,汇添富上证科创板创新药ETF,2025-09-19,,5,1
sh.589130,易方达上证科创板芯片ETF,2026-01-08,,5,1
sh.589150,平安上证科创板50成份ETF,2026-01-06,,5,1
sh.589160,广发上证科创板芯片ETF,2026-01-30,,5,1
sh.589170,鹏华上证科创板芯片设计主题ETF,2026-02-06,,5,1
sh.589180,汇添富上证科创板新材料ETF,2025-06-16,,5,1
sh.589190,华宝上证科创板芯片ETF,2026-01-27,,5,1
sh.589200,工银瑞信上证科创板200ETF,2025-08-08,,5,1
sh.589210,广发上证科创板芯片设计主题ETF,2025-12-23,,5,1
sh.589220,国泰上证科创板200ETF,2026-01-26,,5,1
sh.589230,南方上证科创板人工智能ETF,2026-02-02,,5,1
sh.589250,浦银科创板芯片设计ETF,2026-04-01,,5,1
sh.589260,国泰上证科创板芯片设计主题ETF,2026-04-02,,5,1
sh.589270,前海开源上证科创板100ETF,2026-04-28,,5,1
sh.589280,华宝科创板综合增强策略ETF,2026-05-20,,5,1
sh.589290,汇添富上证科创板芯片设计主题ETF,2026-06-26,,5,1
sh.589300,嘉实上证科创板综合ETF,2025-04-17,,5,1
sh.589310,鑫元上证科创板人工智能ETF,2026-07-03,,5,1
sh.589320,嘉实上证科创板200ETF,2026-05-28,,5,1
sh.589330,科创200ETF东财,2026-05-29,,5,1
sh.589350,银华上证科创板芯片设计主题ETF,2026-06-30,,5,1
sh.589360,国泰上证科创板50成份ETF,2026-06-26,,5,1
sh.589380,富国上证科创板人工智能ETF,2025-07-01,,5,1
sh.589390,招商上证科创板芯片设计主题ETF,2026-07-10,,5,1
sh.589400,富国上证科创板芯片设计主题ETF,2026-07-09,,5,1
sh.589410,嘉实上证科创板人工智能ETF,2026-07-16,,5,1
sh.589420,永赢上证科创板芯片设计主题ETF,2026-07-09,,5,1
sh.589430,华宝上证科创板芯片设计主题ETF,2026-09-04,,5,1
sh.589460,华宝上证科创板200ETF,2026-08-21,,5,1
sh.589480,嘉实上证科创板芯片设计主题ETF,2026-09-24,,5,1
sh.589500,工银瑞信上证科创板综合价格ETF,2025-03-03,,5,1
sh.589510,易方达上证科创板新材料ETF,2026-09-17,,5,1
sh.589520,华宝上证科创板人工智能ETF,2025-03-13,,5,1
sh.589550,华夏上证智选科创板价值50策略ETF,2025-07-28,,5,1
sh.589560,汇添富上证科创板人工智能ETF,2025-09-05,,5,1
sh.589580,兴银上证科创板综合价格ETF,2025-06-11,,5,1
sh.589600,富国上证科创板综合价格ETF,2025-03-07,,5,1
sh.589630,国泰上证科创板综合ETF,2025-03-12,,5,1
sh.589660,南方上证科创板综合ETF,2025-03-05,,5,1
sh.589680,鹏华科创板综合ETF,2025-03-05,,5,1
sh.589700,南方上证科创板成长ETF,2025-06-05,,5,1
sh.589720,国泰上证科创板创新药ETF,2025-08-01,,5,1
sh.589770,招商上证科创板综合ETF,2025-03-05,,5,1
sh.589780,富国上证科创板200ETF,2025-09-26,,5,1
sh.589800,易方达上证科创板综合ETF,2025-03-04,,5,1
sh.589820,建信上证科创板200ETF,2025-09-15,,5,1
sh.589850,科创50ETF东财,2025-08-11,,5,1
sh.589860,天弘上证科创板综合ETF,2025-03-05,,5,1
sh.589880,建信上证科创板综合ETF,2025-02-28,,5,1
sh.589890,景顺长城上证科创板综合价格ETF,2025-03-05,,5,1
sh.589900,博时科创综指ETF,2025-03-05,,5,1
sh.589950,富国上证科创板100ETF,2025-10-17,,5,1
sh.589960,易方达上证科创板新能源ETF,2025-09-22,,5,1
sh.589980,汇添富上证科创板100ETF,2025-05-12,,5,1
sh.589990,华泰柏瑞上证科创板综合ETF,2025-03-05,,5,1
sh.600000,浦发银行,1999-11-10,,1,1
sh.600001,邯郸钢铁,1998-01-22,2009-12-29,1,0
sh.600002,齐鲁石化,1998-04-08,2006-04-24,1,0
sh.600003,ST东北高,1999-08-10,2010-02-26,1,0
sh.600004,白云机场,2003-04-28,,1,1
sh.600005,武钢股份,1999-08-03,2017-02-14,1,0
sh.600006,东风股份,1999-07-27,,1,1
sh.600007,中国国贸,1999-03-12,,1,1
sh.600008,首创环保,2000-04-27,,1,1
sh.600009,上海机场,1998-02-18,,1,1
sh.600010,包钢股份,2001-03-09,,1,1
sh.600011,华能国际,2001-12-06,,1,1
sh.600012,皖通高速,2003-01-07,,1,1
sh.600015,华夏银行,2003-09-12,,1,1
sh.600016,民生银行,2000-12-19,,1,1
sh.600017,日照港,2006-10-17,,1,1
sh.600018,上港集团,2006-10-26,,1,1
sh.600019,宝钢股份,2000-12-12,,1,1
sh.600020,中原高速,2003-08-08,,1,1
sh.600021,上海电力,2003-10-29,,1,1
sh.600022,山东钢铁,2004-06-29,,1,1
sh.600023,浙能电力,2013-12-19,,1,1
sh.600025,华能水电,2017-12-15,,1,1
sh.600026,中远海能,2002-05-23,,1,1
sh.600027,华电国际,2005-02-03,,1,1
sh.600028,中国石化,2001-08-08,,1,1
sh.600029,南方航空,2003-07-25,,1,1
sh.600030,中信证券,2003-01-06,,1,1
sh.600031,三一重工,2003-07-03,,1,1
sh.600032,浙江新能,2021-05-25,,1,1
sh.600033,福建高速,2001-02-09,,1,1
sh.600035,楚天高速,2004-03-10,,1,1
sh.600036,招商银行,2002-04-09,,1,1
sh.600037,歌华有线,2001-02-08,,1,1
sh.600038,中直股份,2000-12-18,,1,1
sh.600039,四川路桥,2003-03-25,,1,1
sh.600048,保利发展,2006-07-31,,1,1
sh.600050,中国联通,2002-10-09,,1,1
sh.600051,宁波联合,1997-04-10,,1,1
sh.600052,东望时代,1997-04-15,,1,1
sh.600053,*ST九鼎,1997-04-18,,1,1
sh.600054,黄山旅游,1997-05-06,,1,1
sh.600055,万东医疗,1997-05-19,,1,1
sh.600056,中国医药,1997-05-15,,1,1
sh.600057,厦门象屿,1997-06-04,,1,1
sh.600058,五矿发展,1997-05-28,,1,1
sh.600059,古越龙山,1997-05-16,,1,1
sh.600060,海信视像,1997-04-22,,1,1
sh.600061,国投资本,1997-05-19,,1,1
sh.600062,华润双鹤,1997-05-22,,1,1
sh.600063,皖维高新,1997-05-28,,1,1
sh.600064,南京高科,1997-05-06,,1,1
sh.600065,*ST联谊,1997-05-23,2007-12-13,1,0
sh.600066,宇通客车,1997-05-08,,1,1
sh.600067,冠城新材,1997-05-08,,1,1
sh.600068,葛洲坝,1997-05-26,2021-09-13,1,0
sh.600069,退市银鸽,1997-04-30,2020-08-27,1,0
sh.600070,*ST富润,1997-06-04,2025-04-30,1,0
sh.600071,凤凰光学,1997-05-28,,1,1
sh.600072,中船科技,1997-06-03,,1,1
sh.600073,光明肉业,1997-07-04,,1,1
sh.600074,退市保千,1997-06-23,2020-06-02,1,0
sh.600075,新疆天业,1997-06-17,,1,1
sh.600076,康欣新材,1997-05-26,,1,1
sh.600077,*ST宋都,1997-05-20,2023-07-25,1,0
sh.600078,澄星股份,1997-06-27,,1,1
sh.600079,ST人福,1997-06-06,,1,1
sh.600080,ST金花,1997-06-12,,1,1
sh.600081,东风科技,1997-07-03,,1,1
sh.600082,ST海泰,1997-06-20,,1,1
sh.600083,*ST博信,1997-06-06,2025-03-05,1,0
sh.600084,*ST尼雅,1997-07-11,,1,1
sh.600085,同仁堂,1997-06-25,,1,1
sh.600086,退市金钰,1997-06-06,2021-03-17,1,0
sh.600087,退市长油,1997-06-12,2014-06-05,1,0
sh.600088,中视传媒,1997-06-16,,1,1
sh.600089,特变电工,1997-06-18,,1,1
sh.600090,退市济堂,1997-06-16,2022-07-07,1,0
sh.600091,退市明科,1997-07-04,2022-06-21,1,0
sh.600092,S*ST精密,1997-06-26,2006-11-30,1,0
sh.600093,退市易见,1997-06-26,2022-06-23,1,0
sh.600094,大名城,1997-07-03,,1,1
sh.600095,湘财股份,1997-07-08,,1,1
sh.600096,云天化,1997-07-09,,1,1
sh.600097,开创国际,1997-06-19,,1,1
sh.600098,广州发展,1997-07-18,,1,1
sh.600099,林海股份,1997-07-04,,1,1
sh.600100,同方股份,1997-06-27,,1,1
sh.600101,明星电力,1997-06-27,,1,1
sh.600102,莱钢股份,1997-08-28,2012-02-28,1,0
sh.600103,青山纸业,1997-07-03,,1,1
sh.600104,上汽集团,1997-11-25,,1,1
sh.600105,永鼎股份,1997-09-29,,1,1
sh.600106,重庆路桥,1997-06-18,,1,1
sh.600107,*ST尔雅,1997-11-06,,1,1
sh.600108,亚盛集团,1997-08-18,,1,1
sh.600109,国金证券,1997-08-07,,1,1
sh.600110,诺德股份,1997-10-07,,1,1
sh.600111,北方稀土,1997-09-24,,1,1
sh.600112,*ST天成,1997-11-27,2024-08-15,1,0
sh.600113,浙江东日,1997-10-21,,1,1
sh.600114,东睦股份,2004-05-11,,1,1
sh.600115,中国东航,1997-11-05,,1,1
sh.600116,三峡水利,1997-08-04,,1,1
sh.600117,西宁特钢,1997-10-15,,1,1
sh.600118,中国卫星,1997-09-08,,1,1
sh.600119,*ST长投,1998-01-15,,1,1
sh.600120,浙江东方,1997-12-01,,1,1
sh.600121,郑州煤电,1998-01-07,,1,1
sh.600122,*ST宏图,1998-04-20,2023-06-26,1,0
sh.600123,兰花科创,1998-12-17,,1,1
sh.600125,铁龙物流,1998-05-11,,1,1
sh.600126,杭钢股份,1998-03-11,,1,1
sh.600127,金健米业,1998-05-06,,1,1
sh.600128,苏豪弘业,1997-09-01,,1,1
sh.600129,太极集团,1997-11-18,,1,1
sh.600130,波导股份,2000-07-06,,1,1
sh.600131,国网信通,1998-04-02,,1,1
sh.600132,重庆啤酒,1997-10-30,,1,1
sh.600133,东湖高新,1998-02-12,,1,1
sh.600135,乐凯胶片,1998-01-22,,1,1
sh.600136,ST明诚,1998-03-03,,1,1
sh.600137,浪莎股份,1998-04-16,,1,1
sh.600138,中青旅,1997-12-03,,1,1
sh.600139,*ST西源,1998-02-25,2023-03-27,1,0
sh.600141,兴发集团,1999-06-16,,1,1
sh.600143,金发科技,2004-06-23,,1,1
sh.600145,退市新亿,1999-09-23,2022-04-28,1,0
sh.600146,退市环球,1999-07-07,2022-06-30,1,0
sh.600148,长春一东,1998-05-20,,1,1
sh.600149,廊坊发展,1999-10-14,,1,1
sh.600150,中国船舶,1998-05-20,,1,1
sh.600151,航天机电,1998-06-05,,1,1
sh.600152,维科技术,1998-06-09,,1,1
sh.600153,建发股份,1998-06-16,,1,1
sh.600155,华创云信,1998-09-18,,1,1
sh.600156,华升股份,1998-05-27,,1,1
sh.600157,永泰能源,1998-05-13,,1,1
sh.600158,中体产业,1998-03-27,,1,1
sh.600159,大龙地产,1998-05-26,,1,1
sh.600160,巨化股份,1998-06-26,,1,1
sh.600161,天坛生物,1998-06-16,,1,1
sh.600162,香江控股,1998-06-09,,1,1
sh.600163,中闽能源,1998-06-02,,1,1
sh.600165,宁科生物,1998-05-29,,1,1
sh.600166,福田汽车,1998-06-02,,1,1
sh.600167,联美控股,1999-01-28,,1,1
sh.600168,武汉控股,1998-04-27,,1,1
sh.600169,ST太重,1998-09-04,,1,1
sh.600170,上海建工,1998-06-23,,1,1
sh.600171,上海贝岭,1998-09-24,,1,1
sh.600172,黄河旋风,1998-11-26,,1,1
sh.600173,卧龙新能,1999-04-15,,1,1
sh.600175,退市美都,1999-04-08,2020-08-14,1,0
sh.600176,中国巨石,1999-04-22,,1,1
sh.600177,雅戈尔,1998-11-19,,1,1
sh.600178,东安动力,1998-10-14,,1,1
sh.600179,安通控股,1998-11-04,,1,1
sh.600180,*ST瑞茂,1998-07-03,,1,1
sh.600181,S*ST云大,1998-09-28,2007-06-01,1,0
sh.600182,S佳通,1999-05-07,,1,1
sh.600183,生益科技,1998-10-28,,1,1
sh.600184,光电股份,2003-11-06,,1,1
sh.600185,珠免集团,1999-06-11,,1,1
sh.600186,莲花控股,1998-08-25,,1,1
sh.600187,*ST国中,1998-11-11,,1,1
sh.600188,兖矿能源,1998-07-01,,1,1
sh.600189,泉阳泉,1998-10-07,,1,1
sh.600190,退市锦港,1999-06-09,2025-07-25,1,0
sh.600191,华资实业,1998-12-10,,1,1
sh.600192,长城电工,1998-12-24,,1,1
sh.600193,退市创兴,1999-05-27,2026-07-06,1,0
sh.600195,中牧股份,1999-01-07,,1,1
sh.600196,复星医药,1998-08-07,,1,1
sh.600197,伊力特,1999-09-16,,1,1
sh.600198,大唐电信,1998-10-21,,1,1
sh.600199,金种子酒,1998-08-12,,1,1
sh.600200,退市苏吴,1999-04-01,2025-12-31,1,0
sh.600201,生物股份,1999-01-15,,1,1
sh.600202,哈空调,1999-06-03,,1,1
sh.600203,福日电子,1999-05-14,,1,1
sh.600205,S山东铝,1999-06-30,2007-04-30,1,0
sh.600206,有研新材,1999-03-19,,1,1
sh.600207,安彩高科,1999-07-14,,1,1
sh.600208,衢州发展,1999-06-23,,1,1
sh.600209,退市罗顿,1999-03-25,2022-06-22,1,0
sh.600210,紫江企业,1999-08-24,,1,1
sh.600211,西藏药业,1999-07-21,,1,1
sh.600212,绿能慧充,1999-08-17,,1,1
sh.600213,*ST亚星,1999-08-31,2024-10-17,1,0
sh.600215,派斯林,1999-09-09,,1,1
sh.600216,浙江医药,1999-10-21,,1,1
sh.600217,中再资环,1999-12-16,,1,1
sh.600218,全柴动力,1998-12-03,,1,1
sh.600219,南山铝业,1999-12-23,,1,1
sh.600220,ST阳光,1999-09-27,2024-07-10,1,0
sh.600221,海航控股,1999-11-25,,1,1
sh.600222,太龙药业,1999-11-05,,1,1
sh.600223,福瑞达,2000-01-13,,1,1
sh.600225,退市卓朗,2000-01-27,2025-03-06,1,0
sh.600226,亨通股份,1999-11-16,,1,1
sh.600227,赤天化,2000-02-21,,1,1
sh.600228,返利科技,1999-01-19,,1,1
sh.600229,城市传媒,2000-03-09,,1,1
sh.600230,沧州大化,2000-04-06,,1,1
sh.600231,凌钢股份,2000-05-11,,1,1
sh.600232,金鹰股份,2000-06-02,,1,1
sh.600233,圆通速递,2000-06-08,,1,1
sh.600234,科新发展,2000-06-15,,1,1
sh.600235,民丰特纸,2000-06-15,,1,1
sh.600236,桂冠电力,2000-03-23,,1,1
sh.600237,铜峰电子,2000-06-09,,1,1
sh.600238,ST椰岛,2000-01-20,,1,1
sh.600239,ST云城,1999-12-02,,1,1
sh.600240,退市华业,2000-06-28,2020-02-05,1,0
sh.600241,时代万恒,2000-11-28,,1,1
sh.600242,退市中昌,2000-12-07,2023-06-29,1,0
sh.600243,*ST海华,2000-11-20,,1,1
sh.600246,万通发展,2000-09-22,,1,1
sh.600247,*ST成城,2000-11-23,2021-03-22,1,0
sh.600248,陕建股份,2000-06-22,,1,1
sh.600249,两面针,2004-01-30,,1,1
sh.600250,南京商旅,2001-03-06,,1,1
sh.600251,冠农股份,2003-06-09,,1,1
sh.600252,中恒集团,2000-11-30,,1,1
sh.600253,天方药业,2000-12-27,2013-07-15,1,0
sh.600255,鑫科材料,2000-11-22,,1,1
sh.600256,广汇能源,2000-05-26,,1,1
sh.600257,大湖股份,2000-06-12,,1,1
sh.600258,首旅酒店,2000-06-01,,1,1
sh.600259,中稀有色,2000-05-25,,1,1
sh.600260,*ST凯乐,2000-07-06,2023-02-15,1,0
sh.600261,阳光照明,2000-07-20,,1,1
sh.600262,北方股份,2000-06-30,,1,1
sh.600263,路桥建设,2000-07-25,2012-03-01,1,0
sh.600265,*ST景谷,2000-08-25,,1,1
sh.600266,城建发展,1999-02-03,,1,1
sh.600267,海正药业,2000-07-25,,1,1
sh.600268,国电南自,1999-11-18,,1,1
sh.600269,赣粤高速,2000-05-18,,1,1
sh.600270,外运发展,2000-12-28,2018-12-28,1,0
sh.600271,航天信息,2003-07-11,,1,1
sh.600272,开开实业,2001-02-28,,1,1
sh.600273,嘉化能源,2003-06-27,,1,1
sh.600275,退市昌鱼,2000-08-10,2022-06-22,1,0
sh.600276,恒瑞医药,2000-10-18,,1,1
sh.600277,ST亿利,2000-07-25,2024-07-18,1,0
sh.600278,东方创业,2000-07-12,,1,1
sh.600279,重庆港,2000-07-31,,1,1
sh.600280,中央商场,2000-09-26,,1,1
sh.600281,华阳新材,2000-11-09,,1,1
sh.600282,南钢股份,2000-09-19,,1,1
sh.600283,钱江水利,2000-10-18,,1,1
sh.600284,浦东建设,2004-03-16,,1,1
sh.600285,羚锐制药,2000-10-18,,1,1
sh.600286,S*ST国瓷,1999-12-09,2007-05-31,1,0
sh.600287,苏豪时尚,2000-09-01,,1,1
sh.600288,大恒科技,2000-11-29,,1,1
sh.600289,ST信通,2000-07-20,,1,1
sh.600290,*ST华仪,2000-11-06,2024-01-16,1,0
sh.600291,退市西水,2000-07-31,2022-06-14,1,0
sh.600292,电投水电,2000-11-01,,1,1
sh.600293,三峡新材,2000-09-19,,1,1
sh.600295,鄂尔多斯,2001-04-26,,1,1
sh.600296,S兰铝,2000-07-19,2007-04-30,1,0
sh.600297,广汇汽车,2000-11-16,2024-08-28,1,0
sh.600298,安琪酵母,2000-08-18,,1,1
sh.600299,安迪苏,2000-04-20,,1,1
sh.600300,维维股份,2000-06-30,,1,1
sh.600301,华锡有色,2000-07-12,,1,1
sh.600302,ST标准,2000-12-13,,1,1
sh.600303,曙光股份,2000-12-26,,1,1
sh.600305,恒顺醋业,2001-02-06,,1,1
sh.600306,退市商城,2000-12-26,2024-06-26,1,0
sh.600307,酒钢宏兴,2000-12-20,,1,1
sh.600308,华泰股份,2000-09-28,,1,1
sh.600309,万华化学,2001-01-05,,1,1
sh.600310,广西能源,2001-02-28,,1,1
sh.600311,*ST荣华,2001-06-26,2023-03-27,1,0
sh.600312,平高电气,2001-02-21,,1,1
sh.600313,农发种业,2001-01-19,,1,1
sh.600315,上海家化,2001-03-15,,1,1
sh.600316,洪都航空,2000-12-15,,1,1
sh.600317,营口港,2002-01-31,2021-01-29,1,0
sh.600318,新力金融,2000-12-08,,1,1
sh.600319,亚星化学,2001-03-26,,1,1
sh.600320,振华重工,2000-12-21,,1,1
sh.600321,正源股份,2001-05-24,2024-06-27,1,0
sh.600322,津投城开,2001-09-10,,1,1
sh.600323,瀚蓝环境,2000-12-25,,1,1
sh.600325,华发股份,2004-02-25,,1,1
sh.600326,西藏天路,2001-01-16,,1,1
sh.600327,大东方,2002-06-25,,1,1
sh.600328,中盐化工,2000-12-22,,1,1
sh.600329,达仁堂,2001-06-06,,1,1
sh.600330,天通股份,2001-01-18,,1,1
sh.600331,宏达股份,2001-12-20,,1,1
sh.600332,白云山,2001-02-06,,1,1
sh.600333,长春燃气,2000-12-11,,1,1
sh.600335,国机汽车,2001-03-05,,1,1
sh.600336,澳柯玛,2000-12-29,,1,1
sh.600337,ST美克,2000-11-27,,1,1
sh.600338,西藏珠峰,2000-12-27,,1,1
sh.600339,中油工程,2000-12-25,,1,1
sh.600340,*ST华幸,2003-12-30,,1,1
sh.600343,航天动力,2003-04-08,,1,1
sh.600345,长江通信,2000-12-22,,1,1
sh.600346,恒力石化,2001-08-20,,1,1
sh.600348,华阳股份,2003-08-21,,1,1
sh.600350,山东高速,2002-03-18,,1,1
sh.600351,亚宝药业,2002-09-26,,1,1
sh.600352,浙江龙盛,2003-08-01,,1,1
sh.600353,旭光电子,2002-11-20,,1,1
sh.600354,敦煌种业,2004-01-15,,1,1
sh.600355,*ST精伦,2002-06-13,2026-04-27,1,0
sh.600356,恒丰纸业,2001-04-19,,1,1
sh.600357,承德钒钛,2002-09-06,2009-12-29,1,0
sh.600358,国旅联合,2000-09-22,,1,1
sh.600359,新农开发,1999-04-29,,1,1
sh.600360,华微电子,2001-03-16,,1,1
sh.600361,创新新材,2001-11-29,,1,1
sh.600362,江西铜业,2002-01-11,,1,1
sh.600363,联创光电,2001-03-29,,1,1
sh.600365,ST通葡,2001-01-15,,1,1
sh.600366,宁波韵升,2000-10-30,,1,1
sh.600367,红星发展,2001-03-20,,1,1
sh.600368,五洲交通,2000-12-21,,1,1
sh.600369,西南证券,2001-01-09,,1,1
sh.600370,*ST三房,2003-03-06,,1,1
sh.600371,万向德农,2002-09-16,,1,1
sh.600372,中航机载,2001-07-06,,1,1
sh.600373,中文传媒,2002-03-04,,1,1
sh.600375,汉马科技,2003-04-01,,1,1
sh.600376,首开股份,2001-03-12,,1,1
sh.600377,宁沪高速,2001-01-16,,1,1
sh.600378,昊华科技,2001-01-11,,1,1
sh.600379,宝光股份,2002-01-16,,1,1
sh.600380,健康元,2001-06-08,,1,1
sh.600381,*ST春天,2001-05-08,,1,1
sh.600382,广东明珠,2001-01-18,,1,1
sh.600383,金地集团,2001-04-12,,1,1
sh.600385,退市金泰,2001-07-23,2022-07-07,1,0
sh.600386,北巴传媒,2001-02-16,,1,1
sh.600387,退市海越,2004-02-18,2025-07-11,1,0
sh.600388,紫金龙净,2000-12-29,,1,1
sh.600389,江山股份,2001-01-10,,1,1
sh.600390,五矿资本,2001-01-15,,1,1
sh.600391,航发科技,2001-12-12,,1,1
sh.600392,盛和资源,2003-05-29,,1,1
sh.600393,ST粤泰,2001-03-19,2023-07-18,1,0
sh.600395,盘江股份,2001-05-31,,1,1
sh.600396,华电辽能,2001-03-28,,1,1
sh.600397,江钨装备,2002-07-02,,1,1
sh.600398,海澜之家,2000-12-28,,1,1
sh.600399,抚顺特钢,2000-12-29,,1,1
sh.600400,红豆股份,2001-01-08,,1,1
sh.600401,退市海润,2003-09-24,2019-07-12,1,0
sh.600403,大有能源,2003-10-09,,1,1
sh.600405,动力源,2004-04-01,,1,1
sh.600406,国电南瑞,2003-10-16,,1,1
sh.600408,安泰集团,2003-02-12,,1,1
sh.600409,三友化工,2003-06-18,,1,1
sh.600410,华胜天成,2004-04-27,,1,1
sh.600415,小商品城,2002-05-09,,1,1
sh.600416,湘电股份,2002-07-18,,1,1
sh.600418,江淮汽车,2001-08-24,,1,1
sh.600419,天润乳业,2001-06-28,,1,1
sh.600420,国药现代,2004-06-16,,1,1
sh.600421,退市华嵘,2004-06-07,2026-06-26,1,0
sh.600422,昆药集团,2000-12-06,,1,1
sh.600423,*ST柳化,2003-07-17,,1,1
sh.600425,青松建化,2003-07-24,,1,1
sh.600426,华鲁恒升,2002-06-20,,1,1
sh.600428,中远海特,2002-04-18,,1,1
sh.600429,三元股份,2003-09-15,,1,1
sh.600432,退市吉恩,2003-09-05,2018-07-13,1,0
sh.600433,冠豪高新,2003-06-19,,1,1
sh.600435,北方导航,2003-07-04,,1,1
sh.600436,片仔癀,2003-06-16,,1,1
sh.600438,通威股份,2004-03-02,,1,1
sh.600439,ST瑞贝卡,2003-07-10,,1,1
sh.600444,国机通用,2004-02-19,,1,1
sh.600446,金证股份,2003-12-24,,1,1
sh.600448,华纺股份,2001-09-03,,1,1
sh.600449,宁夏建材,2003-08-29,,1,1
sh.600452,涪陵电力,2004-03-03,,1,1
sh.600455,博通股份,2004-03-29,,1,1
sh.600456,宝钛股份,2002-04-12,,1,1
sh.600458,时代新材,2002-12-19,,1,1
sh.600459,贵研铂业,2003-05-16,,1,1
sh.600460,士兰微,2003-03-11,,1,1
sh.600461,洪城环境,2004-06-01,,1,1
sh.600462,退市九有,2003-09-03,2025-07-21,1,0
sh.600463,空港股份,2004-03-18,,1,1
sh.600466,*ST蓝光,2001-02-12,2023-06-06,1,0
sh.600467,好当家,2004-04-05,,1,1
sh.600468,百利电气,2001-06-15,,1,1
sh.600469,风神股份,2003-10-21,,1,1
sh.600470,六国化工,2004-03-05,,1,1
sh.600472,包头铝业,2005-05-09,2007-12-26,1,0
sh.600475,华光环能,2003-07-21,,1,1
sh.600476,*ST湘邮,2003-12-10,,1,1
sh.600477,杭萧钢构,2003-11-10,,1,1
sh.600478,科力远,2003-09-18,,1,1
sh.600479,千金药业,2004-03-12,,1,1
sh.600480,凌云股份,2003-08-15,,1,1
sh.600481,双良节能,2003-04-22,,1,1
sh.600482,中国动力,2004-07-14,,1,1
sh.600483,福能股份,2004-05-31,,1,1
sh.600485,*ST信威,2003-08-07,2021-06-01,1,0
sh.600486,扬农化工,2002-04-25,,1,1
sh.600487,亨通光电,2003-08-22,,1,1
sh.600488,津药药业,2001-06-18,,1,1
sh.600489,中金黄金,2003-08-14,,1,1
sh.600490,鹏欣资源,2003-06-26,,1,1
sh.600491,ST龙元,2004-05-24,,1,1
sh.600493,凤竹纺织,2004-04-21,,1,1
sh.600495,晋西车轴,2004-05-26,,1,1
sh.600496,精工钢构,2002-06-05,,1,1
sh.600497,驰宏锌锗,2004-04-20,,1,1
sh.600498,烽火通信,2001-08-23,,1,1
sh.600499,科达制造,2002-10-10,,1,1
sh.600500,中化国际,2000-03-01,,1,1
sh.600501,航天晨光,2001-06-15,,1,1
sh.600502,安徽建工,2003-04-15,,1,1
sh.600503,华丽家族,2002-07-09,,1,1
sh.600505,西昌电力,2002-05-30,,1,1
sh.600506,统一股份,2001-12-26,,1,1
sh.600507,方大特钢,2003-09-30,,1,1
sh.600508,上海能源,2001-08-29,,1,1
sh.600509,天富能源,2002-02-28,,1,1
sh.600510,黑牡丹,2002-06-18,,1,1
sh.600511,国药股份,2002-11-27,,1,1
sh.600512,腾达建设,2002-12-26,,1,1
sh.600513,联环药业,2003-03-19,,1,1
sh.600515,海南机场,2002-08-06,,1,1
sh.600516,方大炭素,2002-08-30,,1,1
sh.600517,国网英大,2003-10-10,,1,1
sh.600518,康美药业,2001-03-19,,1,1
sh.600519,贵州茅台,2001-08-27,,1,1
sh.600520,三佳科技,2002-01-08,,1,1
sh.600521,华海药业,2003-03-04,,1,1
sh.600522,中天科技,2002-10-24,,1,1
sh.600523,贵航股份,2001-12-27,,1,1
sh.600525,长园集团,2002-12-02,,1,1
sh.600526,菲达环保,2002-07-22,,1,1
sh.600527,江南高纤,2003-11-27,,1,1
sh.600528,中铁工业,2001-05-28,,1,1
sh.600529,山东药玻,2002-06-03,,1,1
sh.600530,ST交昂,2001-07-02,,1,1
sh.600531,豫光金铅,2002-07-30,,1,1
sh.600532,退市未来,2002-10-31,2023-06-28,1,0
sh.600533,栖霞建设,2002-03-28,,1,1
sh.600535,天士力,2002-08-23,,1,1
sh.600536,中国软件,2002-05-17,,1,1
sh.600537,*ST亿晶,2003-01-23,,1,1
sh.600538,国发股份,2003-01-14,,1,1
sh.600539,狮头股份,2001-08-24,,1,1
sh.600540,新赛股份,2004-01-07,,1,1
sh.600543,*ST莫高,2004-03-24,,1,1
sh.600545,卓郎智能,2003-12-03,,1,1
sh.600546,山煤国际,2003-07-31,,1,1
sh.600547,山东黄金,2003-08-28,,1,1
sh.600548,深高速,2001-12-25,,1,1
sh.600549,厦门钨业,2002-11-07,,1,1
sh.600550,保变电气,2001-02-28,,1,1
sh.600551,时代出版,2002-09-05,,1,1
sh.600552,凯盛科技,2002-11-08,,1,1
sh.600553,太行水泥,2002-08-22,2011-02-18,1,0
sh.600555,退市海创,2001-03-28,2022-07-13,1,0
sh.600556,天下秀,2001-08-07,,1,1
sh.600557,康缘药业,2002-09-18,,1,1
sh.600558,大西洋,2001-02-27,,1,1
sh.600559,老白干酒,2002-10-29,,1,1
sh.600560,金自天正,2002-09-19,,1,1
sh.600561,江西长运,2002-07-16,,1,1
sh.600562,国睿科技,2003-01-28,,1,1
sh.600563,法拉电子,2002-12-10,,1,1
sh.600565,ST迪马,2002-07-23,2024-08-07,1,0
sh.600566,济川药业,2001-08-22,,1,1
sh.600567,山鹰国际,2001-12-18,,1,1
sh.600568,ST中珠,2001-05-18,,1,1
sh.600569,安阳钢铁,2001-08-20,,1,1
sh.600570,恒生电子,2003-12-16,,1,1
sh.600571,信雅达,2002-11-01,,1,1
sh.600572,康恩贝,2004-04-12,,1,1
sh.600573,惠泉啤酒,2003-02-26,,1,1
sh.600575,淮河能源,2003-03-28,,1,1
sh.600576,祥源文旅,2003-02-20,,1,1
sh.600577,精达股份,2002-09-11,,1,1
sh.600578,京能电力,2002-05-10,,1,1
sh.600579,中化装备,2002-08-09,,1,1
sh.600580,卧龙电驱,2002-06-06,,1,1
sh.600581,*ST八钢,2002-08-16,,1,1
sh.600582,天地科技,2002-05-15,,1,1
sh.600583,海油工程,2002-02-05,,1,1
sh.600584,长电科技,2003-06-03,,1,1
sh.600585,海螺水泥,2002-02-07,,1,1
sh.600586,金晶科技,2002-08-15,,1,1
sh.600587,新华医疗,2002-09-27,,1,1
sh.600588,用友网络,2001-05-18,,1,1
sh.600589,大位科技,2001-06-12,,1,1
sh.600590,泰豪科技,2002-07-03,,1,1
sh.600591,*ST上航,2002-10-11,2010-01-25,1,0
sh.600592,龙溪股份,2002-08-05,,1,1
sh.600593,大连圣亚,2002-07-11,,1,1
sh.600594,益佰制药,2004-03-23,,1,1
sh.600595,中孚实业,2002-06-26,,1,1
sh.600596,新安股份,2001-09-06,,1,1
sh.600597,光明乳业,2002-08-28,,1,1
sh.600598,北大荒,2002-03-29,,1,1
sh.600599,退市熊猫,2001-08-28,2026-06-26,1,0
sh.600600,青岛啤酒,1993-08-27,,1,1
sh.600601,方正科技,1990-12-19,,1,1
sh.600602,云赛智联,1990-12-19,,1,1
sh.600603,广汇物流,1992-01-13,,1,1
sh.600604,市北高新,1992-03-27,,1,1
sh.600605,汇通能源,1992-03-27,,1,1
sh.600606,绿地控股,1992-03-27,,1,1
sh.600607,上实医药,1992-03-27,2010-02-12,1,0
sh.600608,退市沪科,1992-03-27,2026-07-03,1,0
sh.600609,金杯汽车,1992-07-24,,1,1
sh.600610,中毅达,1992-08-05,,1,1
sh.600611,大众交通,1992-08-07,,1,1
sh.600612,老凤祥,1992-08-14,,1,1
sh.600613,神奇制药,1992-08-20,,1,1
sh.600614,退市鹏起,1992-08-28,2021-07-21,1,0
sh.600615,鑫源智造,1992-09-10,,1,1
sh.600616,金枫酒业,1992-09-29,,1,1
sh.600617,国新能源,1992-10-13,,1,1
sh.600618,氯碱化工,1992-11-13,,1,1
sh.600619,海立股份,1992-11-16,,1,1
sh.600620,天宸股份,1992-11-17,,1,1
sh.600621,华鑫股份,1992-12-02,,1,1
sh.600622,光大嘉宝,1992-12-03,,1,1
sh.600623,华谊集团,1992-12-04,,1,1
sh.600624,ST复华,1993-01-05,,1,1
sh.600625,PT水仙,1993-01-06,2001-04-23,1,0
sh.600626,申达股份,1993-01-07,,1,1
sh.600627,上电股份,1993-01-18,2008-11-26,1,0
sh.600628,新世界,1993-01-19,,1,1
sh.600629,华建集团,1993-02-09,,1,1
sh.600630,龙头股份,1993-02-09,,1,1
sh.600631,百联股份,1993-02-19,2011-08-23,1,0
sh.600632,华联商厦,1993-02-19,2004-11-18,1,0
sh.600633,浙数文化,1993-03-04,,1,1
sh.600634,退市富控,1993-03-04,2021-07-21,1,0
sh.600635,大众公用,1993-03-04,,1,1
sh.600636,退市国化,1993-03-16,2026-06-29,1,0
sh.600637,东方明珠,1993-03-16,,1,1
sh.600638,新黄浦,1993-03-26,,1,1
sh.600639,浦东金桥,1993-03-26,,1,1
sh.600640,国脉文化,1993-04-07,,1,1
sh.600641,先导基电,1993-04-07,,1,1
sh.600642,申能股份,1993-04-16,,1,1
sh.600643,爱建集团,1993-04-26,,1,1
sh.600644,乐山电力,1993-04-26,,1,1
sh.600645,中源协和,1993-05-04,,1,1
sh.600646,ST国嘉,1993-05-04,2003-09-22,1,0
sh.600647,退市同达,1993-05-04,2024-07-03,1,0
sh.600648,外高桥,1993-05-04,,1,1
sh.600649,城投控股,1993-05-18,,1,1
sh.600650,锦江在线,1993-06-07,,1,1
sh.600651,飞乐音响,1990-12-19,,1,1
sh.600652,退市游久,1990-12-19,2022-06-21,1,0
sh.600653,申华控股,1990-12-19,,1,1
sh.600654,中安科,1990-12-19,,1,1
sh.600655,豫园股份,1992-09-02,,1,1
sh.600656,退市博元,1990-12-19,2016-05-13,1,0
sh.600657,信达地产,1993-05-24,,1,1
sh.600658,电子城,1993-05-24,,1,1
sh.600659,*ST花雕,1993-05-28,2006-03-23,1,0
sh.600660,福耀玻璃,1993-06-10,,1,1
sh.600661,昂立教育,1993-06-14,,1,1
sh.600662,外服控股,1993-06-14,,1,1
sh.600663,陆家嘴,1993-06-28,,1,1
sh.600664,哈药股份,1993-06-29,,1,1
sh.600665,天地源,1993-07-09,,1,1
sh.600666,奥瑞德,1993-07-12,,1,1
sh.600667,太极实业,1993-07-28,,1,1
sh.600668,尖峰集团,1993-07-28,,1,1
sh.600669,*ST鞍成,1993-08-06,2004-09-15,1,0
sh.600670,*ST斯达,1993-08-09,2004-09-24,1,0
sh.600671,天目药业,1993-08-23,,1,1
sh.600672,*ST华圣,1993-09-17,2005-08-05,1,0
sh.600673,东阳光,1993-09-17,,1,1
sh.600674,川投能源,1993-09-24,,1,1
sh.600675,中华企业,1993-09-24,,1,1
sh.600676,久事动娱,1993-09-28,,1,1
sh.600677,*ST航通,1993-09-28,2021-03-18,1,0
sh.600678,ST金顶,1993-10-08,,1,1
sh.600679,上海凤凰,1993-10-08,,1,1
sh.600680,*ST上普,1993-10-18,2019-05-24,1,0
sh.600681,百川能源,1993-10-18,,1,1
sh.600682,南京新百,1993-10-18,,1,1
sh.600683,京投发展,1993-10-25,,1,1
sh.600684,珠江股份,1993-10-28,,1,1
sh.600685,中船防务,1993-10-28,,1,1
sh.600686,金龙汽车,1993-11-08,,1,1
sh.600687,退市刚泰,1993-11-08,2021-03-03,1,0
sh.600688,上海石化,1993-11-08,,1,1
sh.600689,上海三毛,1993-11-08,,1,1
sh.600690,海尔智家,1993-11-19,,1,1
sh.600691,潞化科技,1993-11-19,,1,1
sh.600692,亚通股份,1993-11-19,,1,1
sh.600693,东百集团,1993-11-22,,1,1
sh.600694,大商股份,1993-11-22,,1,1
sh.600695,退市绿庭,1993-11-22,2022-06-14,1,0
sh.600696,退市岩石,1993-12-06,2026-06-29,1,0
sh.600697,欧亚集团,1993-12-06,,1,1
sh.600698,湖南天雁,1993-12-06,,1,1
sh.600699,均胜电子,1993-12-06,,1,1
sh.600700,*ST数码,1996-04-30,2005-09-20,1,0
sh.600701,退市工新,1996-05-28,2021-04-30,1,0
sh.600702,舍得酒业,1996-05-24,,1,1
sh.600703,三安光电,1996-05-28,,1,1
sh.600704,物产中大,1996-06-06,,1,1
sh.600705,中航产融,1996-05-16,2025-05-27,1,0
sh.600706,曲江文旅,1996-05-16,,1,1
sh.600707,彩虹股份,1996-05-20,,1,1
sh.600708,光明地产,1996-06-06,,1,1
sh.600709,ST生态,1996-06-18,2003-05-23,1,0
sh.600710,苏美达,1996-07-01,,1,1
sh.600711,盛屯矿业,1996-05-31,,1,1
sh.600712,南宁百货,1996-06-26,,1,1
sh.600713,南京医药,1996-07-01,,1,1
sh.600714,金瑞矿业,1996-06-06,,1,1
sh.600715,文投控股,1996-07-01,,1,1
sh.600716,凤凰股份,1996-07-02,,1,1
sh.600717,天津港,1996-06-14,,1,1
sh.600718,东软集团,1996-06-18,,1,1
sh.600719,大连热电,1996-07-16,,1,1
sh.600720,中交设计,1996-07-16,,1,1
sh.600721,百花医药,1996-06-26,,1,1
sh.600722,金牛化工,1996-06-26,,1,1
sh.600723,首商股份,1996-07-16,2021-10-22,1,0
sh.600724,宁波富达,1996-07-16,,1,1
sh.600725,云维股份,1996-07-02,,1,1
sh.600726,华电能源,1996-07-01,,1,1
sh.600727,鲁北化工,1996-07-02,,1,1
sh.600728,佳都科技,1996-07-16,,1,1
sh.600729,重百集团,1996-07-02,,1,1
sh.600730,*ST高科,1996-07-26,,1,1
sh.600731,湖南海利,1996-08-02,,1,1
sh.600732,爱旭股份,1996-08-16,,1,1
sh.600733,北汽蓝谷,1996-08-16,,1,1
sh.600734,*ST实达,1996-08-08,,1,1
sh.600735,ST新华锦,1996-07-26,,1,1
sh.600736,苏州高新,1996-08-15,,1,1
sh.600737,中粮糖业,1996-07-31,,1,1
sh.600738,丽尚国潮,1996-08-02,,1,1
sh.600739,辽宁成大,1996-08-19,,1,1
sh.600740,山西焦化,1996-08-08,,1,1
sh.600741,华域汽车,1996-08-26,,1,1
sh.600742,富维股份,1996-08-26,,1,1
sh.600743,华远控股,1996-09-09,,1,1
sh.600744,华银电力,1996-09-05,,1,1
sh.600745,*ST闻泰,1996-08-28,,1,1
sh.600746,江苏索普,1996-09-18,,1,1
sh.600747,退市大控,1996-09-16,2019-12-12,1,0
sh.600748,上实发展,1996-09-25,,1,1
sh.600749,西藏旅游,1996-10-15,,1,1
sh.600750,华润江中,1996-09-23,,1,1
sh.600751,海航科技,1996-09-09,,1,1
sh.600752,*ST哈慈,1996-09-25,2005-09-22,1,0
sh.600753,ST海钦,1996-09-27,,1,1
sh.600754,锦江酒店,1996-10-11,,1,1
sh.600755,厦门国贸,1996-10-03,,1,1
sh.600756,浪潮软件,1996-09-23,,1,1
sh.600757,长江传媒,1996-10-03,,1,1
sh.600758,辽宁能源,1996-10-29,,1,1
sh.600759,ST洲际,1996-10-08,,1,1
sh.600760,中航沈飞,1996-10-11,,1,1
sh.600761,安徽合力,1996-10-09,,1,1
sh.600762,S*ST金荔,1996-10-25,2007-11-20,1,0
sh.600763,通策医疗,1996-10-30,,1,1
sh.600764,中国海防,1996-11-04,,1,1
sh.600765,中航重机,1996-11-06,,1,1
sh.600766,退市园城,1996-10-28,2024-07-03,1,0
sh.600767,退市运盛,1996-11-15,2023-06-29,1,0
sh.600768,富邦新材,1996-11-11,,1,1
sh.600769,祥龙电业,1996-11-01,,1,1
sh.600770,综艺股份,1996-11-20,,1,1
sh.600771,广誉远,1996-11-05,,1,1
sh.600772,S*ST龙昌,1996-11-04,2006-11-30,1,0
sh.600773,西藏城投,1996-11-08,,1,1
sh.600774,汉商集团,1996-11-08,,1,1
sh.600775,南京熊猫,1996-11-18,,1,1
sh.600776,东方通信,1996-11-26,,1,1
sh.600777,新潮能源,1996-11-21,,1,1
sh.600778,友好集团,1996-12-03,,1,1
sh.600779,水井坊,1996-12-06,,1,1
sh.600780,通宝能源,1996-12-05,,1,1
sh.600781,退市辅仁,1996-12-18,2023-06-28,1,0
sh.600782,新钢股份,1996-12-25,,1,1
sh.600783,鲁信创投,1996-12-25,,1,1
sh.600784,鲁银投资,1996-12-25,,1,1
sh.600785,新华百货,1997-01-08,,1,1
sh.600786,东方锅炉,1996-12-27,2008-03-18,1,0
sh.600787,中储股份,1997-01-21,,1,1
sh.600788,*ST达曼,1996-12-30,2005-03-25,1,0
sh.600789,鲁抗医药,1997-02-26,,1,1
sh.600790,轻纺城,1997-02-28,,1,1
sh.600791,京能置业,1997-01-30,,1,1
sh.600792,云煤能源,1997-01-23,,1,1
sh.600793,宜宾纸业,1997-02-20,,1,1
sh.600794,保税科技,1997-03-06,,1,1
sh.600795,国电电力,1997-03-18,,1,1
sh.600796,钱江生化,1997-04-08,,1,1
sh.600797,浙大网新,1997-04-18,,1,1
sh.600798,宁波海运,1997-04-23,,1,1
sh.600799,*ST龙科,1997-04-16,2005-12-31,1,0
sh.600800,渤海化学,1993-12-06,,1,1
sh.600801,华新建材,1994-01-03,,1,1
sh.600802,福建水泥,1994-01-03,,1,1
sh.600803,新奥股份,1994-01-03,,1,1
sh.600804,退市鹏博,1994-01-03,2025-07-03,1,0
sh.600805,悦达投资,1994-01-03,,1,1
sh.600806,退市昆机,1994-01-03,2018-07-13,1,0
sh.600807,济高发展,1994-01-03,,1,1
sh.600808,马钢股份,1994-01-06,,1,1
sh.600809,山西汾酒,1994-01-06,,1,1
sh.600810,神马股份,1994-01-06,,1,1
sh.600811,*ST东方,1994-01-06,2025-04-30,1,0
sh.600812,华北制药,1994-01-14,,1,1
sh.600813,ST鞍一工,1994-01-14,2002-09-16,1,0
sh.600814,杭州解百,1994-01-14,,1,1
sh.600815,厦工股份,1994-01-28,,1,1
sh.600816,建元信托,1994-01-28,,1,1
sh.600817,宇通重工,1994-01-28,,1,1
sh.600818,ST中路,1994-01-28,,1,1
sh.600819,耀皮玻璃,1994-01-28,,1,1
sh.600820,隧道股份,1994-01-28,,1,1
sh.600821,金开新能,1994-01-28,,1,1
sh.600822,上海物贸,1994-02-04,,1,1
sh.600823,*ST世茂,1994-02-04,2024-06-14,1,0
sh.600824,益民集团,1994-02-04,,1,1
sh.600825,新华传媒,1994-02-04,,1,1
sh.600826,兰生股份,1994-02-04,,1,1
sh.600827,百联股份,1994-02-04,,1,1
sh.600828,茂业商业,1994-02-24,,1,1
sh.600829,人民同泰,1994-02-24,,1,1
sh.600830,香溢融通,1994-02-24,,1,1
sh.600831,广电网络,1994-02-24,,1,1
sh.600832,东方明珠,1994-02-24,2015-05-20,1,0
sh.600833,第一医药,1994-02-24,,1,1
sh.600834,申通地铁,1994-02-24,,1,1
sh.600835,上海机电,1994-02-24,,1,1
sh.600836,*ST易连,1994-02-24,2024-07-11,1,0
sh.600837,海通证券,1994-02-24,2025-03-04,1,0
sh.600838,上海九百,1994-02-24,,1,1
sh.600839,四川长虹,1994-03-11,,1,1
sh.600840,新湖创业,1994-03-11,2009-08-27,1,0
sh.600841,动力新科,1994-03-11,,1,1
sh.600842,中西药业,1994-03-11,2010-02-12,1,0
sh.600843,上工申贝,1994-03-11,,1,1
sh.600844,金煤科技,1994-03-11,,1,1
sh.600845,宝信软件,1994-03-11,,1,1
sh.600846,同济科技,1994-03-11,,1,1
sh.600847,万里股份,1994-03-24,,1,1
sh.600848,上海临港,1994-03-24,,1,1
sh.600849,上药转换,1994-03-24,2010-03-05,1,0
sh.600850,电科数字,1994-03-24,,1,1
sh.600851,海欣股份,1994-04-04,,1,1
sh.600852,*ST中川,1994-04-04,2005-09-16,1,0
sh.600853,龙建股份,1994-04-04,,1,1
sh.600854,春兰股份,1994-04-25,,1,1
sh.600855,航天长峰,1994-04-25,,1,1
sh.600856,退市中天,1994-04-25,2022-06-22,1,0
sh.600857,宁波中百,1994-04-25,,1,1
sh.600858,银座股份,1994-05-06,,1,1
sh.600859,王府井,1994-05-06,,1,1
sh.600860,京城股份,1994-05-06,,1,1
sh.600861,北京人力,1994-05-20,,1,1
sh.600862,中航高科,1994-05-20,,1,1
sh.600863,华能蒙电,1994-05-20,,1,1
sh.600864,哈投股份,1994-08-09,,1,1
sh.600865,百大集团,1994-08-09,,1,1
sh.600866,星湖科技,1994-08-18,,1,1
sh.600867,通化东宝,1994-08-24,,1,1
sh.600868,梅雁吉祥,1994-09-12,,1,1
sh.600869,远东股份,1995-02-06,,1,1
sh.600870,退市厦华,1995-02-28,2022-06-30,1,0
sh.600871,石化油服,1995-04-11,,1,1
sh.600872,中炬高新,1995-01-24,,1,1
sh.600873,梅花生物,1995-02-17,,1,1
sh.600874,创业环保,1995-06-30,,1,1
sh.600875,东方电气,1995-10-10,,1,1
sh.600876,凯盛新能,1995-10-31,,1,1
sh.600877,电科芯片,1995-10-13,,1,1
sh.600878,*ST北科,1995-10-13,2004-09-15,1,0
sh.600879,航天电子,1995-11-15,,1,1
sh.600880,博瑞传播,1995-11-15,,1,1
sh.600881,亚泰集团,1995-11-15,,1,1
sh.600882,妙可蓝多,1995-12-06,,1,1
sh.600883,博闻科技,1995-12-08,,1,1
sh.600884,杉杉股份,1996-01-30,,1,1
sh.600885,宏发股份,1996-02-05,,1,1
sh.600886,国投电力,1996-01-18,,1,1
sh.600887,伊利股份,1996-03-12,,1,1
sh.600888,新疆众和,1996-02-15,,1,1
sh.600889,*ST京化,1996-03-08,,1,1
sh.600890,退市中房,1996-03-18,2022-06-21,1,0
sh.600891,退市秋林,1996-03-25,2021-05-12,1,0
sh.600892,大晟文化,1996-03-15,,1,1
sh.600893,航发动力,1996-04-08,,1,1
sh.600894,广日股份,1996-03-28,,1,1
sh.600895,张江高科,1996-04-22,,1,1
sh.600896,退市海医,1996-05-03,2022-07-25,1,0
sh.600897,厦门空港,1996-05-31,,1,1
sh.600898,*ST美讯,1996-04-18,2025-02-10,1,0
sh.600899,*ST信联,1996-04-26,2005-09-21,1,0
sh.600900,长江电力,2003-11-18,,1,1
sh.600901,江苏金租,2018-03-01,,1,1
sh.600903,贵州燃气,2017-11-07,,1,1
sh.600905,三峡能源,2021-06-10,,1,1
sh.600906,财达证券,2021-05-07,,1,1
sh.600908,无锡银行,2016-09-23,,1,1
sh.600909,华安证券,2016-12-06,,1,1
sh.600916,中国黄金,2021-02-05,,1,1
sh.600917,重庆燃气,2014-09-30,,1,1
sh.600918,中泰证券,2020-06-03,,1,1
sh.600919,江苏银行,2016-08-02,,1,1
sh.600925,苏能股份,2023-03-29,,1,1
sh.600926,杭州银行,2016-10-27,,1,1
sh.600927,永安期货,2021-12-23,,1,1
sh.600928,西安银行,2019-03-01,,1,1
sh.600929,雪天盐业,2018-03-26,,1,1
sh.600930,华电新能,2025-07-16,,1,1
sh.600933,爱柯迪,2017-11-17,,1,1
sh.600935,华塑股份,2021-11-26,,1,1
sh.600936,北投科技,2016-08-15,,1,1
sh.600938,中国海油,2022-04-21,,1,1
sh.600939,重庆建工,2017-02-21,,1,1
sh.600941,中国移动,2022-01-05,,1,1
sh.600955,维远股份,2021-09-15,,1,1
sh.600956,新天绿能,2020-06-29,,1,1
sh.600958,东方证券,2015-03-23,,1,1
sh.600959,江苏有线,2015-04-28,,1,1
sh.600960,渤海汽车,2004-04-07,,1,1
sh.600961,株冶集团,2004-08-30,,1,1
sh.600962,国投中鲁,2004-06-22,,1,1
sh.600963,岳阳林纸,2004-05-25,,1,1
sh.600965,*ST福成,2004-07-13,,1,1
sh.600966,博汇纸业,2004-06-08,,1,1
sh.600967,内蒙一机,2004-05-18,,1,1
sh.600968,海油发展,2019-06-26,,1,1
sh.600969,郴电国际,2004-04-08,,1,1
sh.600970,中材国际,2005-04-12,,1,1
sh.600971,恒源煤电,2004-08-17,,1,1
sh.600973,宝胜股份,2004-08-02,,1,1
sh.600975,新五丰,2004-06-09,,1,1
sh.600976,健民集团,2004-04-19,,1,1
sh.600977,中国电影,2016-08-09,,1,1
sh.600978,*ST宜生,2004-08-24,2021-03-22,1,0
sh.600979,广安爱众,2004-09-06,,1,1
sh.600980,北矿科技,2004-05-12,,1,1
sh.600981,苏豪汇鸿,2004-06-30,,1,1
sh.600982,宁波能源,2004-07-06,,1,1
sh.600983,惠而浦,2004-07-27,,1,1
sh.600984,建设机械,2004-07-07,,1,1
sh.600985,淮北矿业,2004-04-28,,1,1
sh.600986,浙文互联,2004-04-26,,1,1
sh.600987,航民股份,2004-08-09,,1,1
sh.600988,赤峰黄金,2004-04-14,,1,1
sh.600989,宝丰能源,2019-05-16,,1,1
sh.600990,四创电子,2004-05-10,,1,1
sh.600991,广汽长丰,2004-06-14,2012-03-20,1,0
sh.600992,贵绳股份,2004-05-14,,1,1
sh.600993,马应龙,2004-05-17,,1,1
sh.600995,南网储能,2004-06-15,,1,1
sh.600996,贵广网络,2016-12-26,,1,1
sh.600997,开滦股份,2004-06-02,,1,1
sh.600998,九州通,2010-11-02,,1,1
sh.600999,招商证券,2009-11-17,,1,1
sh.601000,唐山港,2010-07-05,,1,1
sh.601001,晋控煤业,2006-06-23,,1,1
sh.601002,晋亿实业,2007-01-26,,1,1
sh.601003,柳钢股份,2007-02-27,,1,1
sh.601005,重庆钢铁,2007-02-28,,1,1
sh.601006,大秦铁路,2006-08-01,,1,1
sh.601007,金陵饭店,2007-04-06,,1,1
sh.601008,连云港,2007-04-26,,1,1
sh.601009,南京银行,2007-07-19,,1,1
sh.601010,ST文峰,2011-06-03,,1,1
sh.601011,宝泰隆,2011-03-09,,1,1
sh.601012,隆基绿能,2012-04-11,,1,1
sh.601015,陕西黑猫,2014-11-05,,1,1
sh.601016,节能风电,2014-09-29,,1,1
sh.601018,宁波港,2010-09-28,,1,1
sh.601019,山东出版,2017-11-22,,1,1
sh.601020,华钰矿业,2016-03-16,,1,1
sh.601021,春秋航空,2015-01-21,,1,1
sh.601022,宁波远洋,2022-12-08,,1,1
sh.601026,道生天合,2025-10-17,,1,1
sh.601028,玉龙股份,2011-11-07,2025-05-27,1,0
sh.601033,永兴股份,2024-01-18,,1,1
sh.601038,一拖股份,2012-08-08,,1,1
sh.601058,赛轮轮胎,2011-06-30,,1,1
sh.601059,信达证券,2023-02-01,,1,1
sh.601061,中信金属,2023-04-10,,1,1
sh.601065,江盐集团,2023-04-10,,1,1
sh.601066,中信建投,2018-06-20,,1,1
sh.601068,中铝国际,2018-08-31,,1,1
sh.601069,西部黄金,2015-01-22,,1,1
sh.601077,渝农商行,2019-10-29,,1,1
sh.601083,锦江航运,2023-12-05,,1,1
sh.601086,国芳集团,2017-09-29,,1,1
sh.601088,中国神华,2007-10-09,,1,1
sh.601089,福元医药,2022-06-30,,1,1
sh.601091,沈鼓集团,2026-09-17,,1,1
sh.601096,宏盛华源,2023-12-22,,1,1
sh.601098,中南传媒,2010-10-28,,1,1
sh.601099,太平洋,2007-12-28,,1,1
sh.601100,恒立液压,2011-10-28,,1,1
sh.601101,昊华能源,2010-03-31,,1,1
sh.601106,中国一重,2010-02-09,,1,1
sh.601107,四川成渝,2009-07-27,,1,1
sh.601108,财通证券,2017-10-24,,1,1
sh.601111,中国国航,2006-08-18,,1,1
sh.601112,振石股份,2026-01-29,,1,1
sh.601113,华鼎股份,2011-05-09,,1,1
sh.601116,三江购物,2011-03-02,,1,1
sh.601117,中国化学,2010-01-07,,1,1
sh.601118,海南橡胶,2011-01-07,,1,1
sh.601121,宝地矿业,2023-03-10,,1,1
sh.601123,马矿股份,2026-09-01,,1,1
sh.601126,四方股份,2010-12-31,,1,1
sh.601127,赛力斯,2016-06-15,,1,1
sh.601128,常熟银行,2016-09-30,,1,1
sh.601133,柏诚股份,2023-04-10,,1,1
sh.601136,首创证券,2022-12-22,,1,1
sh.601137,博威合金,2011-01-27,,1,1
sh.601138,工业富联,2018-06-08,,1,1
sh.601139,深圳燃气,2009-12-25,,1,1
sh.601155,新城控股,2015-12-04,,1,1
sh.601156,东航物流,2021-06-09,,1,1
sh.601158,重庆水务,2010-03-29,,1,1
sh.601162,天风证券,2018-10-19,,1,1
sh.601163,三角轮胎,2016-09-09,,1,1
sh.601166,兴业银行,2007-02-05,,1,1
sh.601168,西部矿业,2007-07-12,,1,1
sh.601169,北京银行,2007-09-19,,1,1
sh.601177,杭齿前进,2010-10-11,,1,1
sh.601179,中国西电,2010-01-28,,1,1
sh.601186,中国铁建,2008-03-10,,1,1
sh.601187,厦门银行,2020-10-27,,1,1
sh.601188,龙江交通,2010-03-19,,1,1
sh.601198,东兴证券,2015-02-26,,1,1
sh.601199,江南水务,2011-03-17,,1,1
sh.601200,上海环境,2017-03-31,,1,1
sh.601208,东材科技,2011-05-20,,1,1
sh.601211,国泰海通,2015-06-26,,1,1
sh.601212,白银有色,2017-02-15,,1,1
sh.601216,君正集团,2011-02-22,,1,1
sh.601218,吉鑫科技,2011-05-06,,1,1
sh.601222,林洋能源,2011-08-08,,1,1
sh.601225,陕西煤业,2014-01-28,,1,1
sh.601226,华电科工,2014-12-11,,1,1
sh.601228,广州港,2017-03-29,,1,1
sh.601229,上海银行,2016-11-16,,1,1
sh.601231,环旭电子,2012-02-20,,1,1
sh.601233,桐昆股份,2011-05-18,,1,1
sh.601236,红塔证券,2019-07-05,,1,1
sh.601238,广汽集团,2012-03-29,,1,1
sh.601258,*ST庞大,2011-04-28,2023-06-30,1,0
sh.601268,*ST二重,2010-02-02,2015-05-21,1,0
sh.601279,英利汽车,2021-04-15,,1,1
sh.601288,农业银行,2010-07-15,,1,1
sh.601298,青岛港,2019-01-21,,1,1
sh.601299,中国北车,2009-12-29,2015-05-20,1,0
sh.601311,骆驼股份,2011-06-02,,1,1
sh.601318,中国平安,2007-03-01,,1,1
sh.601319,中国人保,2018-11-16,,1,1
sh.601326,秦港股份,2017-08-16,,1,1
sh.601328,交通银行,2007-05-15,,1,1
sh.601330,绿色动力,2018-06-11,,1,1
sh.601333,广深铁路,2006-12-22,,1,1
sh.601336,新华保险,2011-12-16,,1,1
sh.601339,百隆东方,2012-06-12,,1,1
sh.601360,三六零,2012-01-16,,1,1
sh.601366,利群股份,2017-04-12,,1,1
sh.601368,绿城水务,2015-06-12,,1,1
sh.601369,陕鼓动力,2010-04-28,,1,1
sh.601375,中原证券,2017-01-03,,1,1
sh.601377,兴业证券,2010-10-13,,1,1
sh.601388,怡球资源,2012-04-23,,1,1
sh.601390,中国中铁,2007-12-03,,1,1
sh.601398,工商银行,2006-10-27,,1,1
sh.601399,国机重装,2020-06-08,,1,1
sh.601456,国联民生,2020-07-31,,1,1
sh.601500,通用股份,2016-09-19,,1,1
sh.601512,中新集团,2019-12-20,,1,1
sh.601515,衢州东峰,2012-02-16,,1,1
sh.601518,吉林高速,2010-03-19,,1,1
sh.601519,大智慧,2011-01-28,,1,1
sh.601528,瑞丰银行,2021-06-25,,1,1
sh.601555,东吴证券,2011-12-12,,1,1
sh.601558,退市锐电,2011-01-13,2020-07-02,1,0
sh.601566,九牧王,2011-05-30,,1,1
sh.601567,三星电气,2011-06-15,,1,1
sh.601568,北元化工,2020-10-20,,1,1
sh.601577,长沙银行,2018-09-26,,1,1
sh.601579,会稽山,2014-08-25,,1,1
sh.601588,北辰实业,2006-10-16,,1,1
sh.601595,上海电影,2016-08-17,,1,1
sh.601598,中国外运,2019-01-18,,1,1
sh.601599,浙文影业,2011-05-27,,1,1
sh.601600,中国铝业,2007-04-30,,1,1
sh.601601,中国太保,2007-12-25,,1,1
sh.601606,长城军工,2018-08-06,,1,1
sh.601607,上海医药,1994-03-24,,1,1
sh.601608,中信重工,2012-07-06,,1,1
sh.601609,金田股份,2020-04-22,,1,1
sh.601611,中国核建,2016-06-06,,1,1
sh.601615,明阳智能,2019-01-23,,1,1
sh.601616,广电电气,2011-02-01,,1,1
sh.601618,中国中冶,2009-09-21,,1,1
sh.601619,嘉泽新能,2017-07-20,,1,1
sh.601628,中国人寿,2007-01-09,,1,1
sh.601633,长城汽车,2011-09-28,,1,1
sh.601636,旗滨集团,2011-08-12,,1,1
sh.601658,邮储银行,2019-12-10,,1,1
sh.601665,齐鲁银行,2021-06-18,,1,1
sh.601666,平煤股份,2006-11-23,,1,1
sh.601668,中国建筑,2009-07-29,,1,1
sh.601669,中国电建,2011-10-18,,1,1
sh.601677,明泰铝业,2011-09-19,,1,1
sh.601678,滨化股份,2010-02-23,,1,1
sh.601686,友发集团,2020-12-04,,1,1
sh.601688,华泰证券,2010-02-26,,1,1
sh.601689,拓普集团,2015-03-19,,1,1
sh.601696,中银证券,2020-02-26,,1,1
sh.601698,中国卫通,2019-06-28,,1,1
sh.601699,潞安环能,2006-09-22,,1,1
sh.601700,风范股份,2011-01-18,,1,1
sh.601702,华峰铝业,2020-09-07,,1,1
sh.601717,中创智领,2010-08-03,,1,1
sh.601718,ST际华,2010-08-16,,1,1
sh.601727,上海电气,2008-12-05,,1,1
sh.601728,中国电信,2021-08-20,,1,1
sh.601766,中国中车,2008-08-18,,1,1
sh.601777,千里科技,2010-11-25,,1,1
sh.601778,晶科科技,2020-05-19,,1,1
sh.601788,光大证券,2009-08-18,,1,1
sh.601789,宁波建工,2011-08-16,,1,1
sh.601798,蓝科高新,2011-06-22,,1,1
sh.601799,星宇股份,2011-02-01,,1,1
sh.601800,中国交建,2012-03-09,,1,1
sh.601801,皖新传媒,2010-01-18,,1,1
sh.601808,中海油服,2007-09-28,,1,1
sh.601811,新华文轩,2016-08-08,,1,1
sh.601816,京沪高铁,2020-01-16,,1,1
sh.601818,光大银行,2010-08-18,,1,1
sh.601825,沪农商行,2021-08-19,,1,1
sh.601827,三峰环境,2020-06-05,,1,1
sh.601828,美凯龙,2018-01-17,,1,1
sh.601838,成都银行,2018-01-31,,1,1
sh.601857,中国石油,2007-11-05,,1,1
sh.601858,中国科传,2017-01-18,,1,1
sh.601860,紫金银行,2019-01-03,,1,1
sh.601865,福莱特,2019-02-15,,1,1
sh.601866,中远海发,2007-12-12,,1,1
sh.601868,中国能建,2021-09-28,,1,1
sh.601869,长飞光纤,2018-07-20,,1,1
sh.601872,招商轮船,2006-12-01,,1,1
sh.601877,正泰电器,2010-01-21,,1,1
sh.601878,浙商证券,2017-06-26,,1,1
sh.601880,辽港股份,2010-12-06,,1,1
sh.601881,中国银河,2017-01-23,,1,1
sh.601882,海天精工,2016-11-07,,1,1
sh.601886,江河集团,2011-08-18,,1,1
sh.601888,中国中免,2009-10-15,,1,1
sh.601890,亚星锚链,2010-12-28,,1,1
sh.601898,中煤能源,2008-02-01,,1,1
sh.601899,紫金矿业,2008-04-25,,1,1
sh.601900,南方传媒,2016-02-15,,1,1
sh.601901,方正证券,2011-08-10,,1,1
sh.601908,京运通,2011-09-08,,1,1
sh.601916,浙商银行,2019-11-26,,1,1
sh.601918,新集能源,2007-12-19,,1,1
sh.601919,中远海控,2007-06-26,,1,1
sh.601921,浙版传媒,2021-07-23,,1,1
sh.601928,凤凰传媒,2011-11-30,,1,1
sh.601929,吉视传媒,2012-02-23,,1,1
sh.601933,永辉超市,2010-12-15,,1,1
sh.601939,建设银行,2007-09-25,,1,1
sh.601949,中国出版,2017-08-21,,1,1
sh.601952,苏垦农发,2017-05-15,,1,1
sh.601956,东贝集团,2020-12-25,,1,1
sh.601958,金钼股份,2008-04-17,,1,1
sh.601963,重庆银行,2021-02-05,,1,1
sh.601965,中国汽研,2012-06-11,,1,1
sh.601966,玲珑轮胎,2016-07-06,,1,1
sh.601968,宝钢包装,2015-06-11,,1,1
sh.601969,海南矿业,2014-12-09,,1,1
sh.601975,招商南油,2019-01-08,,1,1
sh.601985,中国核电,2015-06-10,,1,1
sh.601988,中国银行,2006-07-05,,1,1
sh.601989,中国重工,2009-12-16,2025-09-05,1,0
sh.601990,南京证券,2018-06-13,,1,1
sh.601991,大唐发电,2006-12-20,,1,1
sh.601992,金隅集团,2011-03-01,,1,1
sh.601995,中金公司,2020-11-02,,1,1
sh.601996,丰林集团,2011-09-29,,1,1
sh.601997,贵阳银行,2016-08-16,,1,1
sh.601998,中信银行,2007-04-27,,1,1
sh.601999,出版传媒,2007-12-21,,1,1
sh.603000,人民网,2012-04-27,,1,1
sh.603001,奥康国际,2012-04-26,,1,1
sh.603002,宏昌电子,2012-05-18,,1,1
sh.603003,退市龙宇,2012-08-17,2025-07-03,1,0
sh.603004,鼎龙科技,2023-12-27,,1,1
sh.603005,晶方科技,2014-02-10,,1,1
sh.603006,联明股份,2014-06-30,,1,1
sh.603007,顺景科技,2016-08-26,,1,1
sh.603008,ST喜临门,2012-07-17,,1,1
sh.603009,北特科技,2014-07-18,,1,1
sh.603010,万盛股份,2014-10-10,,1,1
sh.603011,合锻智能,2014-11-07,,1,1
sh.603012,创力集团,2015-03-20,,1,1
sh.603013,亚普股份,2018-05-09,,1,1
sh.603014,威高血净,2025-05-19,,1,1
sh.603015,弘讯科技,2015-03-03,,1,1
sh.603016,新宏泰,2016-07-01,,1,1
sh.603017,中衡设计,2014-12-31,,1,1
sh.603018,华设集团,2014-10-13,,1,1
sh.603019,中科曙光,2014-11-06,,1,1
sh.603020,爱普股份,2015-03-25,,1,1
sh.603021,*ST华鹏,2015-04-23,,1,1
sh.603022,新通联,2015-05-18,,1,1
sh.603023,威帝股份,2015-05-27,,1,1
sh.603025,大豪科技,2015-04-22,,1,1
sh.603026,石大胜华,2015-05-29,,1,1
sh.603027,千禾味业,2016-03-07,,1,1
sh.603028,赛福天,2016-03-31,,1,1
sh.603029,天鹅股份,2016-04-27,,1,1
sh.603030,全筑股份,2015-03-20,,1,1
sh.603031,安孚科技,2016-08-22,,1,1
sh.603032,德新科技,2017-01-05,,1,1
sh.603033,三维股份,2016-12-07,,1,1
sh.603035,常熟汽饰,2017-01-05,,1,1
sh.603036,如通股份,2016-12-09,,1,1
sh.603037,凯众股份,2017-01-20,,1,1
sh.603038,华立股份,2017-01-16,,1,1
sh.603039,泛微网络,2017-01-13,,1,1
sh.603040,新坐标,2017-02-09,,1,1
sh.603041,美思德,2017-03-30,,1,1
sh.603042,华脉科技,2017-06-02,,1,1
sh.603043,广州酒家,2017-06-27,,1,1
sh.603045,福达合金,2018-05-17,,1,1
sh.603048,浙江黎明,2021-11-16,,1,1
sh.603049,中策橡胶,2025-06-05,,1,1
sh.603050,科林电气,2017-04-14,,1,1
sh.603051,鹿山新材,2022-03-25,,1,1
sh.603052,可川科技,2022-10-11,,1,1
sh.603053,成都燃气,2019-12-17,,1,1
sh.603055,台华新材,2017-09-21,,1,1
sh.603056,德邦股份,2018-01-16,2026-03-31,1,0
sh.603057,紫燕食品,2022-09-26,,1,1
sh.603058,永吉股份,2016-12-23,,1,1
sh.603059,倍加洁,2018-03-02,,1,1
sh.603060,国检集团,2016-11-09,,1,1
sh.603061,金海通,2023-03-03,,1,1
sh.603062,麦加芯彩,2023-11-07,,1,1
sh.603063,禾望电气,2017-07-28,,1,1
sh.603065,宿迁联盛,2023-03-21,,1,1
sh.603066,音飞储存,2015-06-11,,1,1
sh.603067,振华股份,2016-09-13,,1,1
sh.603068,博通集成,2019-04-15,,1,1
sh.603069,海汽集团,2016-07-12,,1,1
sh.603070,万控智造,2022-03-10,,1,1
sh.603071,物产环能,2021-12-16,,1,1
sh.603072,天和磁材,2025-01-03,,1,1
sh.603073,彩蝶实业,2023-03-16,,1,1
sh.603075,热威股份,2023-09-11,,1,1
sh.603076,乐惠国际,2017-11-13,,1,1
sh.603077,和邦生物,2012-07-31,,1,1
sh.603078,江化微,2017-04-10,,1,1
sh.603079,圣达生物,2017-08-23,,1,1
sh.603080,新疆火炬,2018-01-03,,1,1
sh.603081,大丰实业,2017-04-20,,1,1
sh.603082,北自科技,2024-01-30,,1,1
sh.603083,剑桥科技,2017-11-10,,1,1
sh.603085,天成自控,2015-06-30,,1,1
sh.603086,先达股份,2017-05-11,,1,1
sh.603087,甘李药业,2020-06-29,,1,1
sh.603088,宁波精达,2014-11-11,,1,1
sh.603089,正裕工业,2017-01-26,,1,1
sh.603090,宏盛股份,2016-08-31,,1,1
sh.603091,众鑫股份,2024-09-20,,1,1
sh.603092,德力佳,2025-11-07,,1,1
sh.603093,南华期货,2019-08-30,,1,1
sh.603095,越剑智能,2020-04-15,,1,1
sh.603096,新经典,2017-04-25,,1,1
sh.603097,江苏华辰,2022-05-12,,1,1
sh.603098,森特股份,2016-12-16,,1,1
sh.603099,长白山,2014-08-22,,1,1
sh.603100,川仪股份,2014-08-05,,1,1
sh.603101,汇嘉时代,2016-05-06,,1,1
sh.603102,百合股份,2022-01-25,,1,1
sh.603103,横店影视,2017-10-12,,1,1
sh.603105,芯能科技,2018-07-09,,1,1
sh.603106,恒银科技,2017-09-20,,1,1
sh.603107,上海汽配,2023-11-01,,1,1
sh.603108,润达医疗,2015-05-27,,1,1
sh.603109,神驰机电,2019-12-31,,1,1
sh.603110,东方材料,2017-10-13,,1,1
sh.603111,康尼机电,2014-08-01,,1,1
sh.603112,华翔股份,2020-09-17,,1,1
sh.603113,金能科技,2017-05-11,,1,1
sh.603115,海星股份,2019-08-09,,1,1
sh.603116,红蜻蜓,2015-06-29,,1,1
sh.603117,万林物流,2015-06-29,,1,1
sh.603118,共进股份,2015-02-25,,1,1
sh.603119,浙江荣泰,2023-08-01,,1,1
sh.603120,肯特催化,2025-04-16,,1,1
sh.603121,华培动力,2019-01-11,,1,1
sh.603122,合富中国,2022-02-16,,1,1
sh.603123,翠微股份,2012-05-03,,1,1
sh.603124,江南新材,2025-03-20,,1,1
sh.603125,常青科技,2023-04-10,,1,1
sh.603126,中材节能,2014-07-31,,1,1
sh.603127,昭衍新药,2017-08-25,,1,1
sh.603128,华贸物流,2012-05-29,,1,1
sh.603129,春风动力,2017-08-18,,1,1
sh.603130,云中马,2022-11-18,,1,1
sh.603131,上海沪工,2016-06-07,,1,1
sh.603132,金徽股份,2022-02-22,,1,1
sh.603133,退市碳元,2017-03-20,2024-07-03,1,0
sh.603135,中重科技,2023-04-10,,1,1
sh.603136,天目湖,2017-09-27,,1,1
sh.603137,恒尚节能,2023-04-19,,1,1
sh.603138,海量数据,2017-03-06,,1,1
sh.603139,康惠股份,2017-04-21,,1,1
sh.603150,万朗磁塑,2022-01-24,,1,1
sh.603151,邦基科技,2022-10-19,,1,1
sh.603153,上海建科,2023-03-13,,1,1
sh.603155,新亚强,2020-09-01,,1,1
sh.603156,养元饮品,2018-02-12,,1,1
sh.603157,退市拉夏,2017-09-25,2022-05-24,1,0
sh.603158,腾龙股份,2015-03-20,,1,1
sh.603159,上海亚虹,2016-08-12,,1,1
sh.603160,汇顶科技,2016-10-17,,1,1
sh.603161,科华控股,2018-01-05,,1,1
sh.603162,海通发展,2023-03-29,,1,1
sh.603163,圣晖集成,2022-10-13,,1,1
sh.603165,荣晟环保,2017-01-17,,1,1
sh.603166,福达股份,2014-11-27,,1,1
sh.603167,渤海轮渡,2012-09-06,,1,1
sh.603168,莎普爱思,2014-07-02,,1,1
sh.603169,兰石重装,2014-10-09,,1,1
sh.603170,宝立食品,2022-07-15,,1,1
sh.603171,税友股份,2021-06-30,,1,1
sh.603172,万丰股份,2023-05-10,,1,1
sh.603173,福斯达,2023-01-30,,1,1
sh.603175,超颖电子,2025-10-24,,1,1
sh.603176,汇通集团,2021-12-31,,1,1
sh.603177,德创环保,2017-02-07,,1,1
sh.603178,圣龙股份,2017-03-28,,1,1
sh.603179,新泉股份,2017-03-17,,1,1
sh.603180,金牌家居,2017-05-12,,1,1
sh.603181,皇马科技,2017-08-24,,1,1
sh.603182,嘉华股份,2022-09-09,,1,1
sh.603183,建研院,2017-09-05,,1,1
sh.603185,弘元绿能,2018-12-28,,1,1
sh.603186,华正新材,2017-01-03,,1,1
sh.603187,海容冷链,2018-11-29,,1,1
sh.603188,亚邦股份,2014-09-09,,1,1
sh.603189,*ST网达,2016-09-14,,1,1
sh.603190,亚通精工,2023-02-17,,1,1
sh.603191,望变电气,2022-04-28,,1,1
sh.603192,汇得科技,2018-08-28,,1,1
sh.603193,润本股份,2023-10-17,,1,1
sh.603194,中力股份,2024-12-24,,1,1
sh.603195,公牛集团,2020-02-06,,1,1
sh.603196,璞源材料,2017-05-31,,1,1
sh.603197,保隆科技,2017-05-19,,1,1
sh.603198,迎驾贡酒,2015-05-28,,1,1
sh.603199,九华旅游,2015-03-26,,1,1
sh.603200,上海洗霸,2017-06-01,,1,1
sh.603201,常润股份,2022-07-29,,1,1
sh.603202,天有为,2025-04-24,,1,1
sh.603203,快克智能,2016-11-08,,1,1
sh.603205,健尔康,2024-11-07,,1,1
sh.603206,嘉环科技,2022-05-06,,1,1
sh.603207,小方制药,2024-08-26,,1,1
sh.603208,江山欧派,2017-02-10,,1,1
sh.603209,兴通股份,2022-03-24,,1,1
sh.603210,泰鸿万立,2025-04-09,,1,1
sh.603211,晋拓股份,2022-07-25,,1,1
sh.603212,赛伍技术,2020-04-30,,1,1
sh.603213,镇洋发展,2021-11-11,,1,1
sh.603214,爱婴室,2018-03-30,,1,1
sh.603215,比依股份,2022-02-18,,1,1
sh.603216,梦天家居,2021-12-15,,1,1
sh.603217,元利科技,2019-06-20,,1,1
sh.603218,日月股份,2016-12-28,,1,1
sh.603219,富佳股份,2021-11-22,,1,1
sh.603220,中贝通信,2018-11-15,,1,1
sh.603221,爱丽家居,2020-03-23,,1,1
sh.603222,济民健康,2015-02-17,,1,1
sh.603223,恒通股份,2015-06-30,,1,1
sh.603225,新凤鸣,2017-04-18,,1,1
sh.603226,菲林格尔,2017-06-15,,1,1
sh.603227,雪峰科技,2015-05-15,,1,1
sh.603228,景旺电子,2017-01-06,,1,1
sh.603229,奥翔药业,2017-05-09,,1,1
sh.603230,内蒙新华,2021-12-24,,1,1
sh.603231,索宝蛋白,2023-12-15,,1,1
sh.603232,格尔软件,2017-04-21,,1,1
sh.603233,大参林,2017-07-31,,1,1
sh.603235,天新药业,2022-07-12,,1,1
sh.603236,移远通信,2019-07-16,,1,1
sh.603237,五芳斋,2022-08-31,,1,1
sh.603238,诺邦股份,2017-02-22,,1,1
sh.603239,浙江仙通,2016-12-30,,1,1
sh.603248,锡华科技,2025-12-23,,1,1
sh.603255,鼎际得,2022-08-18,,1,1
sh.603256,宏和科技,2019-07-19,,1,1
sh.603257,中国瑞林,2025-04-08,,1,1
sh.603258,电魂网络,2016-10-26,,1,1
sh.603259,药明康德,2018-05-08,,1,1
sh.603260,合盛硅业,2017-10-30,,1,1
sh.603261,立航科技,2022-03-15,,1,1
sh.603262,技源集团,2025-07-23,,1,1
sh.603266,天龙股份,2017-01-10,,1,1
sh.603267,鸿远电子,2019-05-15,,1,1
sh.603268,松发股份,2015-03-19,,1,1
sh.603269,海鸥股份,2017-05-17,,1,1
sh.603270,金帝股份,2023-09-01,,1,1
sh.603271,永杰新材,2025-03-11,,1,1
sh.603272,*ST联翔,2022-05-20,,1,1
sh.603273,天元智能,2023-10-23,,1,1
sh.603275,众辰科技,2023-08-23,,1,1
sh.603276,恒兴新材,2023-09-25,,1,1
sh.603277,银都股份,2017-09-11,,1,1
sh.603278,大业股份,2017-11-13,,1,1
sh.603279,景津装备,2019-07-29,,1,1
sh.603280,南方路机,2022-11-08,,1,1
sh.603281,江瀚新材,2023-01-31,,1,1
sh.603282,亚光股份,2023-03-15,,1,1
sh.603283,赛腾股份,2017-12-25,,1,1
sh.603284,林平发展,2026-02-10,,1,1
sh.603285,键邦股份,2024-07-05,,1,1
sh.603286,日盈电子,2017-06-27,,1,1
sh.603288,海天味业,2014-02-11,,1,1
sh.603289,泰瑞机器,2017-10-31,,1,1
sh.603290,斯达半导,2020-02-04,,1,1
sh.603291,联合水务,2023-03-27,,1,1
sh.603293,埃泰克,2026-04-16,,1,1
sh.603296,华勤技术,2023-08-08,,1,1
sh.603297,永新光学,2018-09-10,,1,1
sh.603298,杭叉集团,2016-12-27,,1,1
sh.603299,苏盐井神,2015-12-31,,1,1
sh.603300,海南华铁,2015-05-29,,1,1
sh.603301,振德医疗,2018-04-12,,1,1
sh.603303,得邦照明,2017-03-30,,1,1
sh.603305,旭升集团,2017-07-10,,1,1
sh.603306,华懋科技,2014-09-26,,1,1
sh.603307,扬州金泉,2023-02-16,,1,1
sh.603308,应流股份,2014-01-22,,1,1
sh.603309,维力医疗,2015-03-02,,1,1
sh.603310,巍华新材,2024-08-14,,1,1
sh.603311,金海高科,2015-05-18,,1,1
sh.603312,西典新能,2024-01-11,,1,1
sh.603313,梦百合,2016-10-13,,1,1
sh.603315,福鞍股份,2015-04-24,,1,1
sh.603316,诚邦股份,2017-06-19,,1,1
sh.603317,天味食品,2019-04-16,,1,1
sh.603318,水发燃气,2015-04-24,,1,1
sh.603319,美湖股份,2016-11-30,,1,1
sh.603320,迪贝电气,2017-05-02,,1,1
sh.603321,梅轮电梯,2017-09-15,,1,1
sh.603322,超讯科技,2016-07-28,,1,1
sh.603323,苏农银行,2016-11-29,,1,1
sh.603324,盛剑科技,2021-04-07,,1,1
sh.603325,博隆技术,2024-01-10,,1,1
sh.603326,我乐家居,2017-06-16,,1,1
sh.603327,福蓉科技,2019-05-23,,1,1
sh.603328,依顿电子,2014-07-01,,1,1
sh.603329,上海雅仕,2017-12-29,,1,1
sh.603330,天洋新材,2017-02-13,,1,1
sh.603331,百达精工,2017-07-05,,1,1
sh.603332,苏州龙杰,2019-01-17,,1,1
sh.603333,福华尚纬,2012-05-07,,1,1
sh.603334,丰倍生物,2025-11-05,,1,1
sh.603335,迪生力,2017-06-20,,1,1
sh.603336,宏辉果蔬,2016-11-24,,1,1
sh.603337,杰克科技,2017-01-19,,1,1
sh.603338,浙江鼎力,2015-03-25,,1,1
sh.603339,四方科技,2016-05-19,,1,1
sh.603341,龙旗科技,2024-03-01,,1,1
sh.603344,星德胜,2024-03-20,,1,1
sh.603345,安井食品,2017-02-22,,1,1
sh.603348,文灿股份,2018-04-26,,1,1
sh.603350,安乃达,2024-07-03,,1,1
sh.603351,威尔药业,2019-01-30,,1,1
sh.603352,至信股份,2026-01-15,,1,1
sh.603353,和顺石油,2020-04-07,,1,1
sh.603355,莱克电气,2015-05-13,,1,1
sh.603356,华菱精工,2018-01-24,,1,1
sh.603357,设计总院,2017-08-01,,1,1
sh.603358,华达科技,2017-01-25,,1,1
sh.603359,*ST东珠,2017-09-01,,1,1
sh.603360,百傲化学,2017-02-06,,1,1
sh.603363,傲农生物,2017-09-26,,1,1
sh.603365,水星家纺,2017-11-20,,1,1
sh.603366,日出东方,2012-05-21,,1,1
sh.603367,辰欣药业,2017-09-29,,1,1
sh.603368,柳药集团,2014-12-04,,1,1
sh.603369,今世缘,2014-07-03,,1,1
sh.603370,华新精科,2025-09-05,,1,1
sh.603373,安邦护卫,2023-12-20,,1,1
sh.603375,盛景微,2024-01-24,,1,1
sh.603376,大明电子,2025-11-06,,1,1
sh.603377,ST东时,2016-02-05,,1,1
sh.603378,*ST亚士,2017-09-28,,1,1
sh.603379,三美股份,2019-04-02,,1,1
sh.603380,易德龙,2017-06-22,,1,1
sh.603381,永臻股份,2024-06-26,,1,1
sh.603382,海阳科技,2025-06-12,,1,1
sh.603383,顶点软件,2017-05-22,,1,1
sh.603385,惠达卫浴,2017-04-05,,1,1
sh.603386,骏亚科技,2017-09-12,,1,1
sh.603387,基蛋生物,2017-07-17,,1,1
sh.603388,*ST元成,2017-03-24,2025-12-05,1,0
sh.603389,亚振家居,2016-12-15,,1,1
sh.603390,通达电气,2019-11-25,,1,1
sh.603391,力聚热能,2024-07-31,,1,1
sh.603392,万泰生物,2020-04-29,,1,1
sh.603393,新天然气,2016-09-12,,1,1
sh.603395,红四方,2024-11-26,,1,1
sh.603396,金辰股份,2017-10-18,,1,1
sh.603398,*ST沐邦,2015-12-09,,1,1
sh.603399,永杉锂业,2012-08-24,,1,1
sh.603400,华之杰,2025-06-20,,1,1
sh.603402,陕西旅游,2026-01-06,,1,1
sh.603406,天富龙,2025-08-08,,1,1
sh.603407,长裕集团,2026-05-11,,1,1
sh.603408,建霖家居,2020-07-30,,1,1
sh.603409,汇通控股,2025-03-04,,1,1
sh.603416,信捷电气,2016-12-21,,1,1
sh.603418,友升股份,2025-09-23,,1,1
sh.603421,鼎信通讯,2016-10-11,,1,1
sh.603429,*ST集友,2017-01-24,,1,1
sh.603435,嘉德利,2026-05-22,,1,1
sh.603439,三力制药,2020-04-28,,1,1
sh.603444,吉比特,2017-01-04,,1,1
sh.603448,天博智能,2026-09-07,,1,1
sh.603456,九洲药业,2014-10-10,,1,1
sh.603458,勘设股份,2017-08-09,,1,1
sh.603459,红板科技,2026-04-08,,1,1
sh.603466,风语筑,2017-10-20,,1,1
sh.603468,津富士达,2026-08-06,,1,1
sh.603477,巨星农牧,2017-12-18,,1,1
sh.603486,科沃斯,2018-05-28,,1,1
sh.603488,展鹏科技,2017-05-16,,1,1
sh.603489,八方股份,2019-11-11,,1,1
sh.603496,恒为科技,2017-06-07,,1,1
sh.603499,翔港科技,2017-10-16,,1,1
sh.603500,祥和实业,2017-09-04,,1,1
sh.603501,豪威集团,2017-05-04,,1,1
sh.603505,金石资源,2017-05-03,,1,1
sh.603506,南都物业,2018-02-01,,1,1
sh.603507,振江股份,2017-11-06,,1,1
sh.603508,思维列控,2015-12-24,,1,1
sh.603511,爱慕股份,2021-05-31,,1,1
sh.603515,欧普照明,2016-08-19,,1,1
sh.603516,淳中科技,2018-02-02,,1,1
sh.603517,ST绝味,2017-03-17,,1,1
sh.603518,锦泓集团,2014-12-03,,1,1
sh.603519,立霸股份,2015-03-19,,1,1
sh.603520,司太立,2016-03-09,,1,1
sh.603527,众源新材,2017-09-07,,1,1
sh.603528,多伦科技,2016-05-03,,1,1
sh.603529,爱玛科技,2021-06-15,,1,1
sh.603530,神马电力,2019-08-05,,1,1
sh.603533,掌阅科技,2017-09-21,,1,1
sh.603535,嘉诚国际,2017-08-08,,1,1
sh.603536,惠发食品,2017-06-13,,1,1
sh.603538,美诺华,2017-04-07,,1,1
sh.603551,奥普科技,2020-01-15,,1,1
sh.603555,ST贵人,2014-01-24,2024-03-29,1,0
sh.603556,海兴电力,2016-11-10,,1,1
sh.603557,*ST起步,2017-08-18,,1,1
sh.603558,健盛集团,2015-01-27,,1,1
sh.603559,中通国脉,2016-12-02,,1,1
sh.603565,中谷物流,2020-09-25,,1,1
sh.603566,普莱柯,2015-05-18,,1,1
sh.603567,珍宝岛,2015-04-24,,1,1
sh.603568,伟明环保,2015-05-28,,1,1
sh.603569,长久物流,2016-08-10,,1,1
sh.603577,汇金通,2016-12-22,,1,1
sh.603578,三星新材,2017-03-06,,1,1
sh.603579,荣泰健康,2017-01-11,,1,1
sh.603580,艾艾精工,2017-05-25,,1,1
sh.603583,捷昌驱动,2018-09-21,,1,1
sh.603585,苏利股份,2016-12-14,,1,1
sh.603586,金麒麟,2017-04-06,,1,1
sh.603587,地素时尚,2018-06-22,,1,1
sh.603588,高能环境,2014-12-29,,1,1
sh.603589,口子窖,2015-06-29,,1,1
sh.603590,康辰药业,2018-08-27,,1,1
sh.603595,ST东尼,2017-07-12,,1,1
sh.603596,伯特利,2018-04-27,,1,1
sh.603598,引力传媒,2015-05-27,,1,1
sh.603599,广信股份,2015-05-13,,1,1
sh.603600,永艺股份,2015-01-23,,1,1
sh.603601,再升科技,2015-01-22,,1,1
sh.603602,纵横通信,2017-08-10,,1,1
sh.603603,退市博天,2017-02-17,2024-04-25,1,0
sh.603605,珀莱雅,2017-11-15,,1,1
sh.603606,东方电缆,2014-10-15,,1,1
sh.603607,京华激光,2017-10-25,,1,1
sh.603608,天创时尚,2016-02-18,,1,1
sh.603609,禾丰股份,2014-08-08,,1,1
sh.603610,麒盛科技,2019-10-29,,1,1
sh.603611,诺力股份,2015-01-28,,1,1
sh.603612,索通发展,2017-07-18,,1,1
sh.603613,国联股份,2019-07-30,,1,1
sh.603615,茶花股份,2017-02-13,,1,1
sh.603616,韩建河山,2015-06-11,,1,1
sh.603617,君禾股份,2017-07-03,,1,1
sh.603618,杭电股份,2015-02-17,,1,1
sh.603619,中曼石油,2017-11-17,,1,1
sh.603626,科森科技,2017-02-09,,1,1
sh.603628,清源股份,2017-01-12,,1,1
sh.603629,利通电子,2018-12-24,,1,1
sh.603630,拉芳家化,2017-03-13,,1,1
sh.603633,徕木股份,2016-11-17,,1,1
sh.603636,南威软件,2014-12-30,,1,1
sh.603637,镇海股份,2017-02-08,,1,1
sh.603638,艾迪精密,2017-01-20,,1,1
sh.603639,海利尔,2017-01-12,,1,1
sh.603648,畅联股份,2017-09-13,,1,1
sh.603650,彤程新材,2018-06-27,,1,1
sh.603655,朗博科技,2017-12-29,,1,1
sh.603656,泰禾智能,2017-03-21,,1,1
sh.603657,春光科技,2018-07-30,,1,1
sh.603658,安图生物,2016-09-01,,1,1
sh.603659,璞泰来,2017-11-03,,1,1
sh.603660,苏州科达,2016-12-01,,1,1
sh.603661,恒林股份,2017-11-21,,1,1
sh.603662,柯力传感,2019-08-06,,1,1
sh.603663,三祥新材,2016-08-01,,1,1
sh.603665,康隆达,2017-03-13,,1,1
sh.603666,亿嘉和,2018-06-12,,1,1
sh.603667,五洲新春,2016-10-25,,1,1
sh.603668,天马科技,2017-01-17,,1,1
sh.603669,灵康药业,2015-05-28,,1,1
sh.603676,卫信康,2017-07-21,,1,1
sh.603677,奇精机械,2017-02-06,,1,1
sh.603678,火炬电子,2015-01-26,,1,1
sh.603679,华体科技,2017-06-21,,1,1
sh.603680,今创集团,2018-02-27,,1,1
sh.603681,永冠新材,2019-03-26,,1,1
sh.603682,锦和商管,2020-04-21,,1,1
sh.603683,晶华新材,2017-10-20,,1,1
sh.603685,晨丰科技,2017-11-27,,1,1
sh.603686,福龙马,2015-01-26,,1,1
sh.603687,大胜达,2019-07-26,,1,1
sh.603688,石英股份,2014-10-31,,1,1
sh.603689,皖天然气,2017-01-10,,1,1
sh.603690,至纯科技,2017-01-13,,1,1
sh.603693,江苏新能,2018-07-03,,1,1
sh.603696,安记食品,2015-12-09,,1,1
sh.603697,有友食品,2019-05-08,,1,1
sh.603698,航天工程,2015-01-28,,1,1
sh.603699,纽威股份,2014-01-17,,1,1
sh.603700,宁水集团,2019-01-22,,1,1
sh.603701,德宏股份,2016-04-12,,1,1
sh.603703,盛洋科技,2015-04-23,,1,1
sh.603706,东方环宇,2018-07-09,,1,1
sh.603707,健友股份,2017-07-19,,1,1
sh.603708,家家悦,2016-12-13,,1,1
sh.603709,中源家居,2018-02-08,,1,1
sh.603711,香飘飘,2017-11-30,,1,1
sh.603712,七一二,2018-02-26,,1,1
sh.603713,密尔克卫,2018-07-13,,1,1
sh.603716,塞力医疗,2016-10-31,,1,1
sh.603717,天域生物,2017-03-27,,1,1
sh.603718,*ST海利,2015-05-15,,1,1
sh.603719,良品铺子,2020-02-24,,1,1
sh.603721,中广天择,2017-08-11,,1,1
sh.603722,阿科力,2017-10-25,,1,1
sh.603725,天安新材,2017-09-06,,1,1
sh.603726,朗迪集团,2016-04-21,,1,1
sh.603727,博迈科,2016-11-22,,1,1
sh.603728,鸣志电器,2017-05-09,,1,1
sh.603729,ST龙韵,2015-03-24,,1,1
sh.603730,岱美股份,2017-07-28,,1,1
sh.603733,仙鹤股份,2018-04-20,,1,1
sh.603737,三棵树,2016-06-03,,1,1
sh.603738,泰晶科技,2016-09-28,,1,1
sh.603739,蔚蓝生物,2019-01-16,,1,1
sh.603755,日辰股份,2019-08-28,,1,1
sh.603757,大元泵业,2017-07-11,,1,1
sh.603758,秦安股份,2017-05-17,,1,1
sh.603759,海天股份,2021-03-26,,1,1
sh.603766,隆鑫通用,2012-08-10,,1,1
sh.603767,中马传动,2017-06-13,,1,1
sh.603768,常青股份,2017-03-24,,1,1
sh.603773,沃格光电,2018-04-17,,1,1
sh.603776,永安行,2017-08-17,,1,1
sh.603777,来伊份,2016-10-12,,1,1
sh.603778,国晟科技,2015-12-31,,1,1
sh.603779,威龙股份,2016-05-16,,1,1
sh.603786,科博达,2019-10-15,,1,1
sh.603787,新日股份,2017-04-27,,1,1
sh.603788,宁波高发,2015-01-20,,1,1
sh.603789,ST星农,2015-04-27,,1,1
sh.603790,雅运股份,2018-09-12,,1,1
sh.603797,联泰环保,2017-04-13,,1,1
sh.603798,康普顿,2016-04-06,,1,1
sh.603799,华友钴业,2015-01-29,,1,1
sh.603800,洪田股份,2015-12-10,,1,1
sh.603801,志邦家居,2017-06-30,,1,1
sh.603803,瑞斯康达,2017-04-20,,1,1
sh.603806,福斯特,2014-09-05,,1,1
sh.603808,歌力思,2015-04-22,,1,1
sh.603809,豪能股份,2017-11-28,,1,1
sh.603810,丰山集团,2018-09-17,,1,1
sh.603811,诚意药业,2017-03-15,,1,1
sh.603813,原尚股份,2017-09-18,,1,1
sh.603815,交建股份,2019-10-21,,1,1
sh.603816,顾家家居,2016-10-14,,1,1
sh.603817,海峡环保,2017-02-20,,1,1
sh.603818,曲美家居,2015-04-22,,1,1
sh.603819,神力股份,2016-11-25,,1,1
sh.603822,ST嘉澳,2016-04-28,,1,1
sh.603823,百合花,2016-12-20,,1,1
sh.603825,ST华扬,2017-08-02,,1,1
sh.603826,坤彩科技,2017-04-14,,1,1
sh.603828,*ST利达,2015-02-26,,1,1
sh.603829,洛凯股份,2017-10-17,,1,1
sh.603833,欧派家居,2017-03-28,,1,1
sh.603836,海程邦达,2021-05-26,,1,1
sh.603838,*ST四通,2015-07-01,,1,1
sh.603839,安正时尚,2017-02-14,,1,1
sh.603843,*ST正平,2016-09-05,,1,1
sh.603848,好太太,2017-12-01,,1,1
sh.603855,华荣股份,2017-05-24,,1,1
sh.603856,东宏股份,2017-11-06,,1,1
sh.603858,步长制药,2016-11-18,,1,1
sh.603859,能科科技,2016-10-21,,1,1
sh.603860,中公高科,2017-08-02,,1,1
sh.603861,白云电器,2016-03-22,,1,1
sh.603863,松炀资源,2019-06-21,,1,1
sh.603866,桃李面包,2015-12-22,,1,1
sh.603867,新化股份,2019-06-27,,1,1
sh.603868,飞科电器,2016-04-18,,1,1
sh.603869,ST智知,2015-03-26,,1,1
sh.603871,嘉友国际,2018-02-06,,1,1
sh.603876,鼎胜新材,2018-04-18,,1,1
sh.603877,太平鸟,2017-01-09,,1,1
sh.603878,武进不锈,2016-12-19,,1,1
sh.603879,永悦科技,2017-06-14,,1,1
sh.603880,南卫股份,2017-08-07,,1,1
sh.603881,数据港,2017-02-08,,1,1
sh.603882,金域医学,2017-09-08,,1,1
sh.603883,老百姓,2015-04-23,,1,1
sh.603885,吉祥航空,2015-05-27,,1,1
sh.603886,元祖股份,2016-12-28,,1,1
sh.603887,城地香江,2016-10-10,,1,1
sh.603888,新华网,2016-10-28,,1,1
sh.603889,新澳股份,2014-12-31,,1,1
sh.603890,春秋电子,2017-12-12,,1,1
sh.603893,瑞芯微,2020-02-07,,1,1
sh.603895,天永智能,2018-01-22,,1,1
sh.603896,寿仙谷,2017-05-10,,1,1
sh.603897,长城科技,2018-04-10,,1,1
sh.603898,好莱客,2015-02-17,,1,1
sh.603899,晨光股份,2015-01-27,,1,1
sh.603900,莱绅通灵,2016-11-23,,1,1
sh.603901,永创智能,2015-05-29,,1,1
sh.603903,中持股份,2017-03-14,,1,1
sh.603906,龙蟠科技,2017-04-10,,1,1
sh.603908,牧高笛,2017-03-07,,1,1
sh.603909,建发合诚,2016-06-28,,1,1
sh.603912,佳力图,2017-11-01,,1,1
sh.603915,国茂股份,2019-06-14,,1,1
sh.603916,苏博特,2017-11-10,,1,1
sh.603917,合力科技,2017-12-04,,1,1
sh.603918,金桥信息,2015-05-28,,1,1
sh.603919,金徽酒,2016-03-10,,1,1
sh.603920,世运电路,2017-04-26,,1,1
sh.603922,ST金鸿顺,2017-10-23,,1,1
sh.603926,铁流股份,2017-05-10,,1,1
sh.603927,中科软,2019-09-09,,1,1
sh.603928,兴业股份,2016-12-12,,1,1
sh.603929,亚翔集成,2016-12-30,,1,1
sh.603931,格林达,2020-08-19,,1,1
sh.603933,睿能科技,2017-07-06,,1,1
sh.603936,博敏电子,2015-12-09,,1,1
sh.603937,丽岛新材,2017-11-02,,1,1
sh.603938,三孚股份,2017-06-28,,1,1
sh.603939,益丰药房,2015-02-17,,1,1
sh.603948,建业股份,2020-03-02,,1,1
sh.603949,雪龙集团,2020-03-10,,1,1
sh.603950,长源东谷,2020-05-26,,1,1
sh.603955,大千生态,2017-03-10,,1,1
sh.603956,威派格,2019-02-22,,1,1
sh.603958,哈森股份,2016-06-29,,1,1
sh.603959,ST百利,2016-05-17,,1,1
sh.603960,克来机电,2017-03-14,,1,1
sh.603963,*ST大药,2017-09-22,2025-03-21,1,0
sh.603966,法兰泰克,2017-01-25,,1,1
sh.603967,中创物流,2019-04-29,,1,1
sh.603968,醋化股份,2015-05-18,,1,1
sh.603969,银龙股份,2015-02-27,,1,1
sh.603970,中农立华,2017-11-16,,1,1
sh.603976,正川股份,2017-08-22,,1,1
sh.603977,国泰集团,2016-11-11,,1,1
sh.603978,深圳新星,2017-08-07,,1,1
sh.603979,金诚信,2015-06-30,,1,1
sh.603980,吉华集团,2017-06-15,,1,1
sh.603982,泉峰汽车,2019-05-22,,1,1
sh.603983,丸美生物,2019-07-25,,1,1
sh.603985,恒润股份,2017-05-05,,1,1
sh.603986,兆易创新,2016-08-18,,1,1
sh.603987,康德莱,2016-11-21,,1,1
sh.603988,中电电机,2014-11-04,,1,1
sh.603989,艾华集团,2015-05-15,,1,1
sh.603990,麦迪科技,2016-12-08,,1,1
sh.603991,领先股份,2017-03-08,,1,1
sh.603992,松霖科技,2019-08-26,,1,1
sh.603993,洛阳钼业,2012-10-09,,1,1
sh.603995,甬金股份,2019-12-24,,1,1
sh.603996,退市中新,2015-12-22,2022-05-24,1,0
sh.603997,继峰股份,2015-03-02,,1,1
sh.603998,方盛制药,2014-12-05,,1,1
sh.603999,读者传媒,2015-12-10,,1,1
sh.605001,威奥股份,2020-05-22,,1,1
sh.605003,众望布艺,2020-09-08,,1,1
sh.605005,合兴股份,2021-01-19,,1,1
sh.605006,山东玻纤,2020-09-03,,1,1
sh.605007,五洲特纸,2020-11-10,,1,1
sh.605008,长鸿高科,2020-08-21,,1,1
sh.605009,豪悦护理,2020-09-11,,1,1
sh.605011,杭州热电,2021-06-30,,1,1
sh.605016,百龙创园,2021-04-21,,1,1
sh.605018,长华集团,2020-09-29,,1,1
sh.605020,永和股份,2021-07-09,,1,1
sh.605028,世茂能源,2021-07-12,,1,1
sh.605033,美邦股份,2021-09-16,,1,1
sh.605050,福然德,2020-09-24,,1,1
sh.605055,迎丰股份,2021-01-29,,1,1
sh.605056,咸亨国际,2021-07-20,,1,1
sh.605058,澳弘电子,2020-10-21,,1,1
sh.605060,联德股份,2021-03-01,,1,1
sh.605066,天正电气,2020-08-07,,1,1
sh.605068,明新旭腾,2020-11-23,,1,1
sh.605069,正和生态,2021-08-16,,1,1
sh.605077,华康股份,2021-02-09,,1,1
sh.605080,浙江自然,2021-05-06,,1,1
sh.605081,退市太和,2021-02-09,2026-07-03,1,0
sh.605086,龙高股份,2021-04-16,,1,1
sh.605088,冠盛股份,2020-08-17,,1,1
sh.605089,味知香,2021-04-27,,1,1
sh.605090,九丰能源,2021-05-25,,1,1
sh.605098,行动教育,2021-04-21,,1,1
sh.605099,共创草坪,2020-09-30,,1,1
sh.605100,华丰股份,2020-08-11,,1,1
sh.605108,同庆楼,2020-07-16,,1,1
sh.605111,新洁能,2020-09-28,,1,1
sh.605116,奥锐特,2020-09-21,,1,1
sh.605117,德业股份,2021-04-20,,1,1
sh.605118,力鼎光电,2020-07-30,,1,1
sh.605122,四方新材,2021-03-10,,1,1
sh.605123,派克新材,2020-08-25,,1,1
sh.605128,上海沿浦,2020-09-15,,1,1
sh.605133,嵘泰股份,2021-02-24,,1,1
sh.605136,丽人丽妆,2020-09-29,,1,1
sh.605138,盛泰集团,2021-10-27,,1,1
sh.605151,西上海,2020-12-15,,1,1
sh.605155,西大门,2020-12-31,,1,1
sh.605158,华达新材,2020-08-05,,1,1
sh.605162,新中港,2021-07-07,,1,1
sh.605166,聚合顺,2020-06-18,,1,1
sh.605167,利柏特,2021-07-26,,1,1
sh.605168,三人行,2020-05-28,,1,1
sh.605169,洪通燃气,2020-10-30,,1,1
sh.605177,东亚药业,2020-11-25,,1,1
sh.605178,时空科技,2020-08-21,,1,1
sh.605179,一鸣食品,2020-12-28,,1,1
sh.605180,华生科技,2021-04-30,,1,1
sh.605183,确成股份,2020-12-07,,1,1
sh.605186,健麾信息,2020-12-22,,1,1
sh.605188,国光连锁,2020-07-28,,1,1
sh.605189,富春染织,2021-05-28,,1,1
sh.605196,华通线缆,2021-05-11,,1,1
sh.605198,安德利,2020-09-18,,1,1
sh.605199,ST葫芦娃,2020-07-10,,1,1
sh.605208,永茂泰,2021-03-08,,1,1
sh.605218,伟时电子,2020-09-28,,1,1
sh.605222,起帆电缆,2020-07-31,,1,1
sh.605228,神通科技,2021-01-20,,1,1
sh.605255,天普股份,2020-08-25,,1,1
sh.605258,协和电子,2020-12-03,,1,1
sh.605259,绿田机械,2021-06-15,,1,1
sh.605266,健之佳,2020-12-01,,1,1
sh.605268,王力安防,2021-02-24,,1,1
sh.605277,新亚电子,2021-01-06,,1,1
sh.605286,同力天启,2021-03-22,,1,1
sh.605287,德才股份,2021-07-06,,1,1
sh.605288,凯迪股份,2020-06-01,,1,1
sh.605289,罗曼股份,2021-04-26,,1,1
sh.605296,神农集团,2021-05-28,,1,1
sh.605298,必得科技,2021-03-01,,1,1
sh.605299,舒华体育,2020-12-15,,1,1
sh.605300,佳禾食品,2021-04-30,,1,1
sh.605303,园林股份,2021-03-01,,1,1
sh.605305,中际联合,2021-05-06,,1,1
sh.605318,法狮龙,2020-08-03,,1,1
sh.605319,无锡振华,2021-06-07,,1,1
sh.605333,沪光股份,2020-08-18,,1,1
sh.605336,*ST帅电,2020-10-19,,1,1
sh.605337,李子园,2021-02-08,,1,1
sh.605338,巴比食品,2020-10-12,,1,1
sh.605339,南侨食品,2021-05-18,,1,1
sh.605358,立昂微,2020-09-11,,1,1
sh.605365,立达信,2021-07-20,,1,1
sh.605366,宏柏新材,2020-08-12,,1,1
sh.605368,蓝天燃气,2021-01-29,,1,1
sh.605369,拱东医疗,2020-09-16,,1,1
sh.605376,博迁新材,2020-12-08,,1,1
sh.605377,华旺科技,2020-12-28,,1,1
sh.605378,野马电池,2021-04-12,,1,1
sh.605388,均瑶健康,2020-08-18,,1,1
sh.605389,长龄液压,2021-03-22,,1,1
sh.605398,新炬网络,2021-01-21,,1,1
sh.605399,晨光新材,2020-08-04,,1,1
sh.605488,福莱新材,2021-05-13,,1,1
sh.605499,东鹏饮料,2021-05-27,,1,1
sh.605500,森林包装,2020-12-22,,1,1
sh.605507,国邦医药,2021-08-02,,1,1
sh.605555,德昌股份,2021-10-21,,1,1
sh.605566,福莱蒽特,2021-10-25,,1,1
sh.605567,春雪食品,2021-10-13,,1,1
sh.605577,龙版传媒,2021-08-24,,1,1
sh.605580,恒盛能源,2021-08-19,,1,1
sh.605588,冠石科技,2021-08-12,,1,1
sh.605589,圣泉集团,2021-08-10,,1,1
sh.605598,上海港湾,2021-09-17,,1,1
sh.605599,菜百股份,2021-09-09,,1,1
sh.688001,华兴源创,2019-07-22,,1,1
sh.688002,睿创微纳,2019-07-22,,1,1
sh.688003,天准科技,2019-07-22,,1,1
sh.688004,博汇科技,2020-06-12,,1,1
sh.688005,容百科技,2019-07-22,,1,1
sh.688006,杭可科技,2019-07-22,,1,1
sh.688007,光峰科技,2019-07-22,,1,1
sh.688008,澜起科技,2019-07-22,,1,1
sh.688009,中国通号,2019-07-22,,1,1
sh.688010,福光股份,2019-07-22,,1,1
sh.688011,新光光电,2019-07-22,,1,1
sh.688012,中微公司,2019-07-22,,1,1
sh.688013,天臣医疗,2020-09-28,,1,1
sh.688015,交控科技,2019-07-22,,1,1
sh.688016,心脉医疗,2019-07-22,,1,1
sh.688017,绿的谐波,2020-08-28,,1,1
sh.688018,乐鑫科技,2019-07-22,,1,1
sh.688019,安集科技,2019-07-22,,1,1
sh.688020,方邦股份,2019-07-22,,1,1
sh.688021,奥福科技,2019-11-06,,1,1
sh.688022,ST瀚川,2019-07-22,,1,1
sh.688023,安恒信息,2019-11-05,,1,1
sh.688025,杰普特,2019-10-31,,1,1
sh.688026,洁特生物,2020-01-22,,1,1
sh.688027,国盾量子,2020-07-09,,1,1
sh.688028,沃尔德,2019-07-22,,1,1
sh.688029,南微医学,2019-07-22,,1,1
sh.688030,山石网科,2019-09-30,,1,1
sh.688031,星环科技,2022-10-18,,1,1
sh.688032,禾迈股份,2021-12-20,,1,1
sh.688033,*ST天宜,2019-07-22,,1,1
sh.688035,德邦科技,2022-09-19,,1,1
sh.688036,传音控股,2019-09-30,,1,1
sh.688037,芯源微,2019-12-16,,1,1
sh.688038,中科通达,2021-07-13,,1,1
sh.688039,当虹科技,2019-12-11,,1,1
sh.688041,海光信息,2022-08-12,,1,1
sh.688045,必易微,2022-05-26,,1,1
sh.688046,药康生物,2022-04-25,,1,1
sh.688047,龙芯中科,2022-06-24,,1,1
sh.688048,长光华芯,2022-04-01,,1,1
sh.688049,炬芯科技,2021-11-29,,1,1
sh.688050,爱博医疗,2020-07-29,,1,1
sh.688051,佳华科技,2020-03-20,,1,1
sh.688052,纳芯微,2022-04-22,,1,1
sh.688053,ST思科瑞,2022-07-08,,1,1
sh.688055,龙腾光电,2020-08-17,,1,1
sh.688056,莱伯泰科,2020-09-02,,1,1
sh.688057,金达莱,2020-11-11,,1,1
sh.688058,宝兰德,2019-11-01,,1,1
sh.688059,华锐精密,2021-02-08,,1,1
sh.688060,云涌科技,2020-07-10,,1,1
sh.688061,灿瑞科技,2022-10-18,,1,1
sh.688062,迈威生物,2022-01-18,,1,1
sh.688063,派能科技,2020-12-30,,1,1
sh.688065,凯赛生物,2020-08-12,,1,1
sh.688066,*ST航图,2019-07-22,,1,1
sh.688067,爱威科技,2021-06-16,,1,1
sh.688068,热景生物,2019-09-30,,1,1
sh.688069,德林海,2020-07-22,,1,1
sh.688070,纵横股份,2021-02-10,,1,1
sh.688071,华依科技,2021-07-29,,1,1
sh.688072,拓荆科技,2022-04-20,,1,1
sh.688073,毕得医药,2022-10-11,,1,1
sh.688075,安旭生物,2021-11-18,,1,1
sh.688076,ST诺泰,2021-05-20,,1,1
sh.688077,大地熊,2020-07-22,,1,1
sh.688078,龙软科技,2019-12-30,,1,1
sh.688079,美迪凯,2021-03-02,,1,1
sh.688080,映翰通,2020-02-12,,1,1
sh.688081,兴图新科,2020-01-06,,1,1
sh.688082,盛美上海,2021-11-18,,1,1
sh.688083,中望软件,2021-03-11,,1,1
sh.688084,晶品特装,2022-12-08,,1,1
sh.688085,三友医疗,2020-04-09,,1,1
sh.688086,退市紫晶,2020-02-26,2023-07-07,1,0
sh.688087,英科再生,2021-07-09,,1,1
sh.688088,虹软科技,2019-07-22,,1,1
sh.688089,ST嘉必优,2019-12-19,,1,1
sh.688090,瑞松科技,2020-02-17,,1,1
sh.688091,上海谊众,2021-09-09,,1,1
sh.688092,爱科科技,2021-03-19,,1,1
sh.688093,世华科技,2020-09-30,,1,1
sh.688095,福昕软件,2020-09-08,,1,1
sh.688096,京源环保,2020-04-09,,1,1
sh.688097,博众精工,2021-05-12,,1,1
sh.688098,申联生物,2019-10-28,,1,1
sh.688099,晶晨股份,2019-08-08,,1,1
sh.688100,威胜信息,2020-01-21,,1,1
sh.688101,三达膜,2019-11-15,,1,1
sh.688102,斯瑞新材,2022-03-16,,1,1
sh.688103,国力电子,2021-09-10,,1,1
sh.688105,诺唯赞,2021-11-15,,1,1
sh.688106,金宏气体,2020-06-16,,1,1
sh.688107,安路科技,2021-11-12,,1,1
sh.688108,赛诺医疗,2019-10-30,,1,1
sh.688109,品茗科技,2021-03-30,,1,1
sh.688110,东芯股份,2021-12-10,,1,1
sh.688111,金山办公,2019-11-18,,1,1
sh.688112,鼎阳科技,2021-12-01,,1,1
sh.688113,联测科技,2021-05-06,,1,1
sh.688114,华大智造,2022-09-09,,1,1
sh.688115,思林杰,2022-03-14,,1,1
sh.688116,天奈科技,2019-09-25,,1,1
sh.688117,圣诺生物,2021-06-03,,1,1
sh.688118,普元信息,2019-12-04,,1,1
sh.688119,中钢洛耐,2022-06-06,,1,1
sh.688120,华海清科,2022-06-08,,1,1
sh.688121,*ST卓然,2021-09-06,,1,1
sh.688122,西部超导,2019-07-22,,1,1
sh.688123,聚辰股份,2019-12-23,,1,1
sh.688125,安达智能,2022-04-15,,1,1
sh.688126,沪硅产业,2020-04-20,,1,1
sh.688127,蓝特光学,2020-09-21,,1,1
sh.688128,中国电研,2019-11-05,,1,1
sh.688129,东来技术,2020-10-23,,1,1
sh.688130,晶华微,2022-07-29,,1,1
sh.688131,皓元医药,2021-06-08,,1,1
sh.688132,邦彦技术,2022-09-23,,1,1
sh.688133,泰坦科技,2020-10-30,,1,1
sh.688135,利扬芯片,2020-11-11,,1,1
sh.688136,科兴制药,2020-12-14,,1,1
sh.688137,近岸蛋白,2022-09-29,,1,1
sh.688138,清溢光电,2019-11-20,,1,1
sh.688139,海尔生物,2019-10-25,,1,1
sh.688141,杰华特,2022-12-23,,1,1
sh.688143,长盈通,2022-12-12,,1,1
sh.688146,中船特气,2023-04-21,,1,1
sh.688147,微导纳米,2022-12-23,,1,1
sh.688148,芳源股份,2021-08-06,,1,1
sh.688150,莱特光电,2022-03-18,,1,1
sh.688151,华强科技,2021-12-06,,1,1
sh.688152,麒麟信安,2022-10-28,,1,1
sh.688153,唯捷创芯,2022-04-12,,1,1
sh.688155,先惠技术,2020-08-11,,1,1
sh.688156,路德科技,2020-09-22,,1,1
sh.688157,松井股份,2020-06-09,,1,1
sh.688158,优刻得,2020-01-20,,1,1
sh.688159,有方科技,2020-01-23,,1,1
sh.688160,步科股份,2020-11-12,,1,1
sh.688161,威高骨科,2021-06-30,,1,1
sh.688162,巨一科技,2021-11-10,,1,1
sh.688163,赛伦生物,2022-03-11,,1,1
sh.688165,埃夫特,2020-07-15,,1,1
sh.688166,博瑞医药,2019-11-08,,1,1
sh.688167,炬光科技,2021-12-24,,1,1
sh.688168,安博通,2019-09-06,,1,1
sh.688169,石头科技,2020-02-21,,1,1
sh.688170,德龙激光,2022-04-29,,1,1
sh.688171,纬德信息,2022-01-27,,1,1
sh.688172,燕东微,2022-12-16,,1,1
sh.688173,希荻微,2022-01-21,,1,1
sh.688175,高凌信息,2022-03-15,,1,1
sh.688176,亚虹医药,2022-01-07,,1,1
sh.688177,百奥泰,2020-02-21,,1,1
sh.688178,万德斯,2020-01-14,,1,1
sh.688179,阿拉丁,2020-10-26,,1,1
sh.688180,君实生物,2020-07-15,,1,1
sh.688181,八亿时空,2020-01-06,,1,1
sh.688182,灿勤科技,2021-11-16,,1,1
sh.688183,生益电子,2021-02-25,,1,1
sh.688184,ST帕瓦,2022-09-19,,1,1
sh.688185,康希诺,2020-08-13,,1,1
sh.688186,广大特材,2020-02-11,,1,1
sh.688187,时代电气,2021-09-07,,1,1
sh.688188,柏楚电子,2019-08-08,,1,1
sh.688189,ST南新,2020-03-26,,1,1
sh.688190,云路股份,2021-11-26,,1,1
sh.688191,智洋创新,2021-04-08,,1,1
sh.688192,迪哲医药,2021-12-10,,1,1
sh.688193,仁度生物,2022-03-30,,1,1
sh.688195,腾景科技,2021-03-26,,1,1
sh.688196,卓越新能,2019-11-21,,1,1
sh.688197,首药控股,2022-03-23,,1,1
sh.688198,佰仁医疗,2019-12-09,,1,1
sh.688199,久日新材,2019-11-05,,1,1
sh.688200,华峰测控,2020-02-18,,1,1
sh.688201,ST信安,2021-04-21,,1,1
sh.688202,美迪西,2019-11-05,,1,1
sh.688203,海正生材,2022-08-16,,1,1
sh.688205,德科立,2022-08-09,,1,1
sh.688206,概伦电子,2021-12-28,,1,1
sh.688207,格灵深瞳,2022-03-17,,1,1
sh.688208,道通科技,2020-02-13,,1,1
sh.688209,英集芯,2022-04-19,,1,1
sh.688210,统联精密,2021-12-27,,1,1
sh.688211,中科微至,2021-10-26,,1,1
sh.688212,澳华内镜,2021-11-15,,1,1
sh.688213,思特威,2022-05-20,,1,1
sh.688215,瑞晟智能,2020-08-28,,1,1
sh.688216,气派科技,2021-06-23,,1,1
sh.688217,睿昂基因,2021-05-17,,1,1
sh.688218,江苏北人,2019-12-11,,1,1
sh.688219,会通股份,2020-11-18,,1,1
sh.688220,翱捷科技,2022-01-14,,1,1
sh.688221,前沿生物,2020-10-28,,1,1
sh.688222,成都先导,2020-04-16,,1,1
sh.688223,晶科能源,2022-01-26,,1,1
sh.688225,亚信安全,2022-02-09,,1,1
sh.688226,威腾电气,2021-07-07,,1,1
sh.688227,品高股份,2021-12-30,,1,1
sh.688228,开普云,2020-03-27,,1,1
sh.688229,博睿数据,2020-08-17,,1,1
sh.688230,芯导科技,2021-12-01,,1,1
sh.688231,隆达股份,2022-07-22,,1,1
sh.688232,新点软件,2021-11-17,,1,1
sh.688233,神工股份,2020-02-21,,1,1
sh.688234,天岳先进,2022-01-12,,1,1
sh.688235,百济神州,2021-12-15,,1,1
sh.688236,春立医疗,2021-12-30,,1,1
sh.688237,超卓航科,2022-07-01,,1,1
sh.688238,和元生物,2022-03-22,,1,1
sh.688239,航宇科技,2021-07-05,,1,1
sh.688244,永信至诚,2022-10-19,,1,1
sh.688246,嘉和美康,2021-12-14,,1,1
sh.688247,宣泰医药,2022-08-25,,1,1
sh.688248,南网科技,2021-12-22,,1,1
sh.688249,晶合集成,2023-05-05,,1,1
sh.688251,井松智能,2022-06-06,,1,1
sh.688252,天德钰,2022-09-27,,1,1
sh.688253,英诺特,2022-07-28,,1,1
sh.688255,凯尔达,2021-10-25,,1,1
sh.688256,寒武纪,2020-07-20,,1,1
sh.688257,新锐股份,2021-10-27,,1,1
sh.688258,卓易信息,2019-12-09,,1,1
sh.688259,创耀科技,2022-01-12,,1,1
sh.688260,昀冢科技,2021-04-06,,1,1
sh.688261,东微半导,2022-02-10,,1,1
sh.688262,国芯科技,2022-01-06,,1,1
sh.688265,南模生物,2021-12-28,,1,1
sh.688266,泽璟制药,2020-01-23,,1,1
sh.688267,中触媒,2022-02-16,,1,1
sh.688268,华特气体,2019-12-26,,1,1
sh.688269,凯立新材,2021-06-09,,1,1
sh.688270,ST臻镭,2022-01-27,,1,1
sh.688271,联影医疗,2022-08-22,,1,1
sh.688272,富吉瑞,2021-10-18,,1,1
sh.688273,麦澜德,2022-08-11,,1,1
sh.688275,万润新能,2022-09-29,,1,1
sh.688276,百克生物,2021-06-25,,1,1
sh.688277,天智航,2020-07-07,,1,1
sh.688278,特宝生物,2020-01-17,,1,1
sh.688279,峰岹科技,2022-04-20,,1,1
sh.688280,精进电动,2021-10-27,,1,1
sh.688281,华秦科技,2022-03-07,,1,1
sh.688282,理工导航,2022-03-18,,1,1
sh.688283,坤恒顺维,2022-02-15,,1,1
sh.688285,高铁电气,2021-10-20,,1,1
sh.688286,敏芯股份,2020-08-10,,1,1
sh.688287,退市观典,2022-05-25,2026-06-10,1,0
sh.688288,鸿泉技术,2019-11-06,,1,1
sh.688289,圣湘生物,2020-08-28,,1,1
sh.688290,景业智能,2022-04-29,,1,1
sh.688291,金橙子,2022-10-26,,1,1
sh.688292,浩瀚深度,2022-08-18,,1,1
sh.688293,奥浦迈,2022-09-02,,1,1
sh.688295,中复神鹰,2022-04-06,,1,1
sh.688296,和达科技,2021-07-27,,1,1
sh.688297,中无人机,2022-06-29,,1,1
sh.688298,东方生物,2020-02-05,,1,1
sh.688299,长阳科技,2019-11-06,,1,1
sh.688300,联瑞新材,2019-11-15,,1,1
sh.688301,奕瑞科技,2020-09-18,,1,1
sh.688302,海创药业,2022-04-12,,1,1
sh.688303,大全能源,2021-07-22,,1,1
sh.688305,科德数控,2021-07-09,,1,1
sh.688306,均普智能,2022-03-22,,1,1
sh.688307,中润光学,2023-02-16,,1,1
sh.688308,欧科亿,2020-12-10,,1,1
sh.688309,恒誉科技,2020-07-14,,1,1
sh.688310,迈得医疗,2019-12-03,,1,1
sh.688311,盟升电子,2020-07-31,,1,1
sh.688312,燕麦科技,2020-06-08,,1,1
sh.688313,仕佳光子,2020-08-12,,1,1
sh.688314,康拓医疗,2021-05-18,,1,1
sh.688315,诺禾致源,2021-04-13,,1,1
sh.688316,青云科技,2021-03-16,,1,1
sh.688317,之江生物,2021-01-18,,1,1
sh.688318,财富趋势,2020-04-27,,1,1
sh.688319,欧林生物,2021-06-08,,1,1
sh.688320,禾川科技,2022-04-28,,1,1
sh.688321,微芯生物,2019-08-12,,1,1
sh.688322,奥比中光,2022-07-07,,1,1
sh.688323,瑞华泰,2021-04-28,,1,1
sh.688325,赛微微电,2022-04-22,,1,1
sh.688326,经纬恒润,2022-04-19,,1,1
sh.688327,云从科技,2022-05-27,,1,1
sh.688328,深科达,2021-03-09,,1,1
sh.688329,艾隆科技,2021-03-29,,1,1
sh.688330,宏力达,2020-10-15,,1,1
sh.688331,荣昌生物,2022-03-31,,1,1
sh.688332,中科蓝讯,2022-07-15,,1,1
sh.688333,铂力特,2019-07-22,,1,1
sh.688334,西高院,2023-06-19,,1,1
sh.688335,复洁科技,2020-08-17,,1,1
sh.688336,三生国健,2020-07-22,,1,1
sh.688337,普源精电,2022-04-08,,1,1
sh.688338,赛科希德,2020-08-06,,1,1
sh.688339,亿华通,2020-08-10,,1,1
sh.688343,云天励飞,2023-04-04,,1,1
sh.688345,博力威,2021-06-11,,1,1
sh.688347,华虹宏力,2023-08-07,,1,1
sh.688348,昱能科技,2022-06-08,,1,1
sh.688349,三一重能,2022-06-22,,1,1
sh.688350,富淼科技,2021-01-28,,1,1
sh.688351,微电生理,2022-08-31,,1,1
sh.688352,颀中科技,2023-04-20,,1,1
sh.688353,华盛锂电,2022-07-13,,1,1
sh.688355,明志科技,2021-05-12,,1,1
sh.688356,键凯科技,2020-08-26,,1,1
sh.688357,建龙微纳,2019-12-04,,1,1
sh.688358,祥生医疗,2019-12-03,,1,1
sh.688359,三孚新科,2021-05-21,,1,1
sh.688360,德马科技,2020-06-02,,1,1
sh.688361,中科飞测,2023-05-19,,1,1
sh.688362,甬矽电子,2022-11-16,,1,1
sh.688363,华熙生物,2019-11-06,,1,1
sh.688365,光云科技,2020-04-29,,1,1
sh.688366,昊海生科,2019-10-30,,1,1
sh.688367,工大高科,2021-06-28,,1,1
sh.688368,晶丰明源,2019-10-14,,1,1
sh.688369,致远互联,2019-10-31,,1,1
sh.688370,丛麟科技,2022-08-25,,1,1
sh.688371,菲沃泰,2022-08-02,,1,1
sh.688372,伟测科技,2022-10-26,,1,1
sh.688373,盟科药业,2022-08-05,,1,1
sh.688375,国博电子,2022-07-22,,1,1
sh.688376,美埃科技,2022-11-18,,1,1
sh.688377,迪威尔,2020-07-08,,1,1
sh.688378,奥来德,2020-09-03,,1,1
sh.688379,华光新材,2020-08-19,,1,1
sh.688380,中微半导,2022-08-05,,1,1
sh.688381,帝奥微,2022-08-23,,1,1
sh.688382,益方生物,2022-07-25,,1,1
sh.688383,新益昌,2021-04-28,,1,1
sh.688385,复旦微电,2021-08-04,,1,1
sh.688386,泛亚微透,2020-10-16,,1,1
sh.688387,信科移动,2022-09-26,,1,1
sh.688388,嘉元科技,2019-07-22,,1,1
sh.688389,普门科技,2019-11-05,,1,1
sh.688390,固德威,2020-09-04,,1,1
sh.688391,钜泉科技,2022-09-13,,1,1
sh.688392,骄成超声,2022-09-27,,1,1
sh.688393,安必平,2020-08-20,,1,1
sh.688395,正弦电气,2021-04-29,,1,1
sh.688396,华润微,2020-02-27,,1,1
sh.688398,赛特新材,2020-02-11,,1,1
sh.688399,硕世生物,2019-12-05,,1,1
sh.688400,凌云光,2022-07-06,,1,1
sh.688401,路维光电,2022-08-17,,1,1
sh.688403,汇成股份,2022-08-18,,1,1
sh.688408,中信博,2020-08-28,,1,1
sh.688409,富创精密,2022-10-10,,1,1
sh.688410,山外山,2022-12-26,,1,1
sh.688411,海博思创,2025-01-27,,1,1
sh.688416,恒烁股份,2022-08-29,,1,1
sh.688418,震有科技,2020-07-22,,1,1
sh.688419,耐科装备,2022-11-07,,1,1
sh.688420,美腾科技,2022-12-09,,1,1
sh.688425,铁建重工,2021-06-22,,1,1
sh.688426,康为世纪,2022-10-25,,1,1
sh.688428,诺诚健华,2022-09-21,,1,1
sh.688429,时创能源,2023-06-29,,1,1
sh.688432,有研硅,2022-11-10,,1,1
sh.688433,华曙高科,2023-04-17,,1,1
sh.688435,英方软件,2023-01-19,,1,1
sh.688439,振华风光,2022-08-26,,1,1
sh.688443,智翔金泰,2023-06-20,,1,1
sh.688448,磁谷科技,2022-09-21,,1,1
sh.688449,联芸科技,2024-11-29,,1,1
sh.688450,光格科技,2023-07-24,,1,1
sh.688455,科捷智能,2022-09-15,,1,1
sh.688456,有研粉材,2021-03-17,,1,1
sh.688458,美芯晟,2023-05-22,,1,1
sh.688459,哈铁科技,2022-10-12,,1,1
sh.688466,金科环境,2020-05-08,,1,1
sh.688468,科美诊断,2021-04-09,,1,1
sh.688469,芯联集成,2023-05-10,,1,1
sh.688472,阿特斯,2023-06-09,,1,1
sh.688475,萤石网络,2022-12-28,,1,1
sh.688478,晶升股份,2023-04-24,,1,1
sh.688479,友车科技,2023-05-11,,1,1
sh.688480,赛恩斯,2022-11-25,,1,1
sh.688484,南芯科技,2023-04-07,,1,1
sh.688485,九州一轨,2023-01-18,,1,1
sh.688486,龙迅股份,2023-02-21,,1,1
sh.688488,艾迪药业,2020-07-20,,1,1
sh.688489,三未信安,2022-12-02,,1,1
sh.688496,*ST清越,2022-12-28,,1,1
sh.688498,源杰科技,2022-12-21,,1,1
sh.688499,利元亨,2021-07-01,,1,1
sh.688500,慧辰股份,2020-07-16,,1,1
sh.688501,青达环保,2021-07-16,,1,1
sh.688502,茂莱光学,2023-03-09,,1,1
sh.688503,聚和材料,2022-12-09,,1,1
sh.688505,复旦张江,2020-06-19,,1,1
sh.688506,百利天恒,2023-01-06,,1,1
sh.688507,索辰科技,2023-04-18,,1,1
sh.688508,芯朋微,2020-07-22,,1,1
sh.688509,正元地信,2021-07-30,,1,1
sh.688510,航亚科技,2020-12-16,,1,1
sh.688511,天微电子,2021-07-30,,1,1
sh.688512,慧智微,2023-05-16,,1,1
sh.688513,苑东生物,2020-09-02,,1,1
sh.688515,裕太微,2023-02-10,,1,1
sh.688516,奥特维,2020-05-21,,1,1
sh.688517,金冠电气,2021-06-18,,1,1
sh.688518,联赢激光,2020-06-22,,1,1
sh.688519,南亚新材,2020-08-18,,1,1
sh.688520,神州细胞,2020-06-22,,1,1
sh.688521,芯原股份,2020-08-18,,1,1
sh.688522,纳睿雷达,2023-03-01,,1,1
sh.688523,航天环宇,2023-06-02,,1,1
sh.688525,佰维存储,2022-12-30,,1,1
sh.688526,科前生物,2020-09-22,,1,1
sh.688528,秦川物联,2020-07-01,,1,1
sh.688529,豪森智能,2020-11-09,,1,1
sh.688530,欧莱新材,2024-05-09,,1,1
sh.688531,日联科技,2023-03-31,,1,1
sh.688533,上声电子,2021-04-19,,1,1
sh.688535,华海诚科,2023-04-04,,1,1
sh.688536,思瑞浦,2020-09-21,,1,1
sh.688538,和辉光电,2021-05-28,,1,1
sh.688539,高华科技,2023-04-18,,1,1
sh.688543,国科军工,2023-06-21,,1,1
sh.688545,兴福电子,2025-01-22,,1,1
sh.688548,广钢气体,2023-08-15,,1,1
sh.688549,中巨芯,2023-09-08,,1,1
sh.688550,瑞联新材,2020-09-02,,1,1
sh.688551,科威尔,2020-09-10,,1,1
sh.688552,航天南湖,2023-05-18,,1,1
sh.688553,汇宇制药,2021-10-26,,1,1
sh.688555,退市泽达,2020-06-23,2023-07-07,1,0
sh.688556,高测股份,2020-08-07,,1,1
sh.688557,兰剑智能,2020-12-02,,1,1
sh.688558,国盛智科,2020-06-30,,1,1
sh.688559,海目星,2020-09-09,,1,1
